dataset,filename,label,label_name,subgroup,contamination,orig_filename,decode_path,score_v1_2_4,score_v1_2_5,score_v1_2_6,score_xgb_v1_2_6
deepfake-audio,real/real_000.flac,0,real,YouTube (real),,yt_0011_part_139.flac,native,0.342274,0.91933,0.9934,0.99999
deepfake-audio,real/real_001.flac,0,real,YouTube (real),,yt_0011_part_036.flac,native,0.505698,0.898368,0.904904,0.991746
deepfake-audio,real/real_002.flac,0,real,YouTube (real),,yt_0009_part_263.flac,native,0.432157,0.933494,0.989607,0.999995
deepfake-audio,real/real_003.flac,0,real,YouTube (real),,yt_0009_p2_part_277.flac,native,0.693027,0.874442,0.891313,0.999879
deepfake-audio,real/real_004.flac,0,real,YouTube (real),,yt_0008_part_013.flac,native,0.374548,0.858396,0.719002,0.999685
deepfake-audio,real/real_005.flac,0,real,YouTube (real),,yt_0000_part_069.flac,native,0.528583,0.943572,0.987747,0.999998
deepfake-audio,real/real_006.flac,0,real,YouTube (real),,yt_0011_part_083.flac,native,0.468869,0.942506,0.917137,0.999976
deepfake-audio,real/real_007.flac,0,real,YouTube (real),,yt_0000_part_076.flac,native,0.396777,0.941023,0.980467,0.999922
deepfake-audio,real/real_008.flac,0,real,YouTube (real),,yt_0008_part_231.flac,native,0.285819,0.937398,0.99084,0.999998
deepfake-audio,real/real_009.flac,0,real,YouTube (real),,yt_0006_part_013.flac,native,0.549852,0.858201,0.883676,0.996836
deepfake-audio,real/real_010.flac,0,real,YouTube (real),,yt_0000_part_053.flac,native,0.342093,0.746661,0.773416,0.999947
deepfake-audio,real/real_011.flac,0,real,YouTube (real),,yt_0009_part_110.flac,native,0.661975,0.965871,0.96743,0.999705
deepfake-audio,real/real_012.flac,0,real,YouTube (real),,yt_0006_part_026.flac,native,0.772356,0.898212,0.965427,0.999351
deepfake-audio,real/real_013.flac,0,real,YouTube (real),,yt_0006_p2_part_051.flac,native,0.922379,0.993077,0.999897,0.996999
deepfake-audio,real/real_014.flac,0,real,YouTube (real),,yt_0010_part_002.flac,native,0.370732,0.957539,0.994091,0.999989
deepfake-audio,real/real_015.flac,0,real,YouTube (real),,yt_0012_part_154.flac,native,0.574181,0.82024,0.750902,0.978224
deepfake-audio,real/real_016.flac,0,real,YouTube (real),,yt_0010_part_005.flac,native,0.425524,0.885055,0.947187,0.999845
deepfake-audio,real/real_017.flac,0,real,YouTube (real),,yt_0010_part_006.flac,native,0.595337,0.536463,0.457068,0.003512
deepfake-audio,real/real_018.flac,0,real,YouTube (real),,yt_0011_part_091.flac,native,0.681357,0.977862,0.995986,0.99984
deepfake-audio,real/real_019.flac,0,real,YouTube (real),,yt_0012_part_071.flac,native,0.483762,0.815848,0.821932,0.998746
deepfake-audio,real/real_020.flac,0,real,YouTube (real),,yt_0009_part_199.flac,native,0.44142,0.938665,0.958721,0.999995
deepfake-audio,real/real_021.flac,0,real,YouTube (real),,yt_0009_part_100.flac,native,0.509435,0.939258,0.987264,0.999931
deepfake-audio,real/real_022.flac,0,real,YouTube (real),,yt_0009_part_231.flac,native,0.403795,0.818348,0.839682,0.999934
deepfake-audio,real/real_023.flac,0,real,YouTube (real),,yt_0012_part_100.flac,native,0.340429,0.926782,0.965587,0.99975
deepfake-audio,real/real_024.flac,0,real,YouTube (real),,yt_0005_part_014.flac,native,0.354653,0.913888,0.970287,0.999991
deepfake-audio,real/real_025.flac,0,real,YouTube (real),,yt_0008_part_124.flac,native,0.469011,0.895831,0.940678,0.999974
deepfake-audio,real/real_026.flac,0,real,YouTube (real),,yt_0006_p2_part_013.flac,native,0.680165,0.907598,0.969347,0.999794
deepfake-audio,real/real_027.flac,0,real,YouTube (real),,yt_0009_part_018.flac,native,0.611835,0.865093,0.829198,0.998479
deepfake-audio,real/real_028.flac,0,real,YouTube (real),,yt_0009_part_141.flac,native,0.577321,0.969321,0.954345,0.999936
deepfake-audio,real/real_029.flac,0,real,YouTube (real),,yt_0004_part_043.flac,native,0.259861,0.955185,0.996946,0.999996
deepfake-audio,real/real_030.flac,0,real,YouTube (real),,yt_0008_part_043.flac,native,0.325951,0.934842,0.996174,1.0
deepfake-audio,real/real_031.flac,0,real,YouTube (real),,yt_0011_part_152.flac,native,0.495335,0.950579,0.992497,0.999996
deepfake-audio,real/real_032.flac,0,real,YouTube (real),,yt_0013_part_032.flac,native,0.239366,0.935451,0.997781,0.999994
deepfake-audio,real/real_033.flac,0,real,YouTube (real),,yt_0009_part_220.flac,native,0.624125,0.697236,0.505421,0.851977
deepfake-audio,real/real_034.flac,0,real,YouTube (real),,yt_0009_part_015.flac,native,0.529766,0.942569,0.974577,0.999996
deepfake-audio,real/real_035.flac,0,real,YouTube (real),,yt_0000_part_025.flac,native,0.363839,0.927249,0.981906,0.999996
deepfake-audio,real/real_036.flac,0,real,YouTube (real),,yt_0012_part_108.flac,native,0.413963,0.947911,0.98579,0.999988
deepfake-audio,real/real_037.flac,0,real,YouTube (real),,yt_0012_p2_part_173.flac,native,0.11402,0.213229,0.284889,0.950756
deepfake-audio,real/real_038.flac,0,real,YouTube (real),,yt_0012_part_087.flac,native,0.852037,0.984062,0.999229,0.999906
deepfake-audio,real/real_039.flac,0,real,YouTube (real),,yt_0010_part_020.flac,native,0.472926,0.982117,0.999324,0.999989
deepfake-audio,real/real_040.flac,0,real,YouTube (real),,yt_0008_part_179.flac,native,0.666464,0.68886,0.985761,0.997021
deepfake-audio,real/real_041.flac,0,real,YouTube (real),,yt_0011_part_082.flac,native,0.392681,0.763123,0.787396,0.999801
deepfake-audio,real/real_042.flac,0,real,YouTube (real),,yt_0008_p2_part_265.flac,native,0.686104,0.944416,0.970752,0.999877
deepfake-audio,real/real_043.flac,0,real,YouTube (real),,yt_0011_part_084.flac,native,0.479387,0.956292,0.975997,0.999991
deepfake-audio,real/real_044.flac,0,real,YouTube (real),,yt_0012_part_121.flac,native,0.487284,0.948592,0.978623,0.99998
deepfake-audio,real/real_045.flac,0,real,YouTube (real),,yt_0012_part_111.flac,native,0.750392,0.926751,0.981411,0.999804
deepfake-audio,real/real_046.flac,0,real,YouTube (real),,yt_0008_part_148.flac,native,0.285314,0.765949,0.990258,0.993956
deepfake-audio,real/real_047.flac,0,real,YouTube (real),,yt_0005_part_002.flac,native,0.343757,0.770724,0.675566,0.993198
deepfake-audio,real/real_048.flac,0,real,YouTube (real),,yt_0008_part_229.flac,native,0.197912,0.832296,0.996017,0.999996
deepfake-audio,real/real_049.flac,0,real,YouTube (real),,yt_0000_part_022.flac,native,0.237958,0.804825,0.955864,0.999993
deepfake-audio,real/real_050.flac,0,real,YouTube (real),,yt_0003_part_019.flac,native,0.675791,0.976883,0.995357,0.999923
deepfake-audio,real/real_051.flac,0,real,YouTube (real),,yt_0012_part_160.flac,native,0.562857,0.941177,0.940017,0.999885
deepfake-audio,real/real_052.flac,0,real,YouTube (real),,yt_0009_part_187.flac,native,0.410349,0.943441,0.970512,0.999987
deepfake-audio,real/real_053.flac,0,real,YouTube (real),,yt_0013_part_001.flac,native,0.27219,0.874787,0.983441,0.99999
deepfake-audio,real/real_054.flac,0,real,YouTube (real),,yt_0009_part_239.flac,native,0.682619,0.978105,0.988687,0.999979
deepfake-audio,real/real_055.flac,0,real,YouTube (real),,yt_0009_part_047.flac,native,0.715872,0.956638,0.962946,0.999441
deepfake-audio,real/real_056.flac,0,real,YouTube (real),,yt_0006_p2_part_011.flac,native,0.860432,0.942439,0.970882,0.984795
deepfake-audio,real/real_057.flac,0,real,YouTube (real),,yt_0008_part_140.flac,native,0.720106,0.904828,0.936502,0.999739
deepfake-audio,real/real_058.flac,0,real,YouTube (real),,yt_0008_part_053.flac,native,0.698524,0.899523,0.851512,0.9968
deepfake-audio,real/real_059.flac,0,real,YouTube (real),,yt_0010_part_023.flac,native,0.54971,0.93334,0.857913,0.999867
deepfake-audio,real/real_060.flac,0,real,YouTube (real),,yt_0010_part_022.flac,native,0.323838,0.946499,0.986969,0.999971
deepfake-audio,real/real_061.flac,0,real,YouTube (real),,yt_0000_part_126.flac,native,0.746742,0.561562,0.543079,0.980476
deepfake-audio,real/real_062.flac,0,real,YouTube (real),,yt_0012_part_163.flac,native,0.656679,0.888002,0.923658,0.997253
deepfake-audio,real/real_063.flac,0,real,YouTube (real),,yt_0013_part_006.flac,native,0.317978,0.805648,0.928514,0.999861
deepfake-audio,real/real_064.flac,0,real,YouTube (real),,yt_0013_part_016.flac,native,0.25506,0.95142,0.995883,0.999992
deepfake-audio,real/real_065.flac,0,real,YouTube (real),,yt_0009_part_230.flac,native,0.518135,0.876753,0.815056,0.999956
deepfake-audio,real/real_066.flac,0,real,YouTube (real),,yt_0004_part_044.flac,native,0.591628,0.788268,0.865415,0.999872
deepfake-audio,real/real_067.flac,0,real,YouTube (real),,yt_0000_part_037.flac,native,0.406976,0.942404,0.972203,0.999982
deepfake-audio,real/real_068.flac,0,real,YouTube (real),,yt_0011_part_012.flac,native,0.245266,0.92093,0.995817,0.999997
deepfake-audio,real/real_069.flac,0,real,YouTube (real),,yt_0011_part_151.flac,native,0.366448,0.815475,0.870993,0.999987
deepfake-audio,real/real_070.flac,0,real,YouTube (real),,yt_0012_part_149.flac,native,0.312385,0.839889,0.927018,0.999126
deepfake-audio,real/real_071.flac,0,real,YouTube (real),,yt_0013_part_014.flac,native,0.261604,0.884533,0.976683,0.999976
deepfake-audio,real/real_072.flac,0,real,YouTube (real),,yt_0012_part_029.flac,native,0.125423,0.89834,0.996956,0.999999
deepfake-audio,real/real_073.flac,0,real,YouTube (real),,yt_0009_part_270.flac,native,0.59696,0.952998,0.977057,0.999989
deepfake-audio,real/real_074.flac,0,real,YouTube (real),,yt_0011_part_147.flac,native,0.381751,0.920618,0.952731,0.999892
deepfake-audio,real/real_075.flac,0,real,YouTube (real),,yt_0006_part_004.flac,native,0.612617,0.935536,0.96476,0.999772
deepfake-audio,real/real_076.flac,0,real,YouTube (real),,yt_0008_part_225.flac,native,0.793602,0.621149,0.774362,0.99717
deepfake-audio,real/real_077.flac,0,real,YouTube (real),,yt_0009_part_073.flac,native,0.722543,0.964708,0.999588,0.999957
deepfake-audio,real/real_078.flac,0,real,YouTube (real),,yt_0009_part_209.flac,native,0.618265,0.955904,0.962473,0.999946
deepfake-audio,real/real_079.flac,0,real,YouTube (real),,yt_0011_part_052.flac,native,0.61821,0.962352,0.997172,0.999976
deepfake-audio,real/real_080.flac,0,real,YouTube (real),,yt_0000_part_031.flac,native,0.840381,0.91204,0.973984,0.997665
deepfake-audio,real/real_081.flac,0,real,YouTube (real),,yt_0009_part_257.flac,native,0.389776,0.963075,0.996128,0.999941
deepfake-audio,real/real_082.flac,0,real,YouTube (real),,yt_0000_part_001.flac,native,0.491377,0.902713,0.840166,0.999992
deepfake-audio,real/real_083.flac,0,real,YouTube (real),,yt_0009_part_016.flac,native,0.567105,0.974047,0.984453,0.999992
deepfake-audio,real/real_084.flac,0,real,YouTube (real),,yt_0006_p2_part_007.flac,native,0.458579,0.871129,0.931818,0.999992
deepfake-audio,real/real_085.flac,0,real,YouTube (real),,yt_0009_part_222.flac,native,0.622688,0.970113,0.977894,0.999975
deepfake-audio,real/real_086.flac,0,real,YouTube (real),,yt_0009_part_050.flac,native,0.626241,0.881044,0.984958,0.999933
deepfake-audio,real/real_087.flac,0,real,YouTube (real),,yt_0009_part_004.flac,native,0.607367,0.953065,0.986033,0.999524
deepfake-audio,real/real_088.flac,0,real,YouTube (real),,yt_0000_part_046.flac,native,0.464883,0.900261,0.910983,0.999988
deepfake-audio,real/real_089.flac,0,real,YouTube (real),,yt_0008_part_217.flac,native,0.724185,0.975432,0.985565,0.999758
deepfake-audio,real/real_090.flac,0,real,YouTube (real),,yt_0008_part_227.flac,native,0.60089,0.884827,0.956543,0.999261
deepfake-audio,real/real_091.flac,0,real,YouTube (real),,yt_0003_part_017.flac,native,0.268342,0.881114,0.975966,0.999935
deepfake-audio,real/real_092.flac,0,real,YouTube (real),,yt_0008_part_238.flac,native,0.801603,0.703975,0.819659,0.970862
deepfake-audio,real/real_093.flac,0,real,YouTube (real),,yt_0008_p2_part_259.flac,native,0.673586,0.86368,0.927292,0.999607
deepfake-audio,real/real_094.flac,0,real,YouTube (real),,yt_0010_part_021.flac,native,0.502926,0.9803,0.998506,0.999992
deepfake-audio,real/real_095.flac,0,real,YouTube (real),,yt_0009_part_134.flac,native,0.577747,0.934049,0.934681,0.999476
deepfake-audio,real/real_096.flac,0,real,YouTube (real),,yt_0011_part_140.flac,native,0.570577,0.74128,0.574832,0.987285
deepfake-audio,real/real_097.flac,0,real,YouTube (real),,yt_0013_part_029.flac,native,0.595604,0.968761,0.983676,0.99983
deepfake-audio,real/real_098.flac,0,real,YouTube (real),,yt_0000_part_127.flac,native,0.305403,0.772755,0.749049,0.999909
deepfake-audio,real/real_099.flac,0,real,YouTube (real),,yt_0004_part_037.flac,native,0.415212,0.917844,0.945332,0.999949
deepfake-audio,fake/fake_000.flac,1,fake,Speechify,,sp_0001_part_016.flac,native,0.177109,0.865683,0.994699,0.999996
deepfake-audio,fake/fake_001.flac,1,fake,Hume AI,,hu_0001_c_part_012.flac,native,0.177221,0.899861,0.993745,0.999999
deepfake-audio,fake/fake_002.flac,1,fake,Amazon Polly,,po_0007_c_part_016.flac,native,0.128581,0.841142,0.993545,0.999995
deepfake-audio,fake/fake_003.flac,1,fake,Speechify,,sp_0009_part_001.flac,native,0.269494,0.929248,0.99107,0.999995
deepfake-audio,fake/fake_004.flac,1,fake,Luvvoice,,lv_0001_c_part_018.flac,native,0.131713,0.900766,0.985616,0.999992
deepfake-audio,fake/fake_005.flac,1,fake,Speechify,,sp_0007_part_009.flac,native,0.115543,0.422066,0.848806,0.999968
deepfake-audio,fake/fake_006.flac,1,fake,ElevenLabs,,el_0001_c_part_002.flac,native,0.298759,0.942671,0.988538,0.999994
deepfake-audio,fake/fake_007.flac,1,fake,Speechify,,sp_0006_part_007.flac,native,0.17,0.720297,0.935049,0.999996
deepfake-audio,fake/fake_008.flac,1,fake,Hexgrad Kokoro,,hg_0007_part_002.flac,native,0.296482,0.865868,0.982696,0.999988
deepfake-audio,fake/fake_009.flac,1,fake,Luvvoice,,lv_0003_c_part_020.flac,native,0.226005,0.912624,0.991758,0.999996
deepfake-audio,fake/fake_010.flac,1,fake,Amazon Polly,,po_0007_part_005.flac,native,0.087127,0.812303,0.997818,1.0
deepfake-audio,fake/fake_011.flac,1,fake,ElevenLabs,,el_0011_c_part_017.flac,native,0.189558,0.908614,0.995338,0.999999
deepfake-audio,fake/fake_012.flac,1,fake,Speechify,,sp_0007_part_003.flac,native,0.118404,0.856741,0.998287,0.999999
deepfake-audio,fake/fake_013.flac,1,fake,Luvvoice,,lv_0004_part_007.flac,native,0.335416,0.895622,0.990828,0.999989
deepfake-audio,fake/fake_014.flac,1,fake,Speechify,,sp_0008_c_part_010.flac,native,0.151049,0.890757,0.996949,1.0
deepfake-audio,fake/fake_015.flac,1,fake,Hume AI,,hu_0002_part_006.flac,native,0.240614,0.894725,0.973488,0.999998
deepfake-audio,fake/fake_016.flac,1,fake,Speechify,,sp_0001_c_part_022.flac,native,0.184819,0.928694,0.991293,0.999939
deepfake-audio,fake/fake_017.flac,1,fake,ElevenLabs,,el_0012_c_part_010.flac,native,0.317504,0.906461,0.926,0.986568
deepfake-audio,fake/fake_018.flac,1,fake,Speechify,,sp_0002_part_005.flac,native,0.433346,0.967571,0.995384,0.999969
deepfake-audio,fake/fake_019.flac,1,fake,Hexgrad Kokoro,,hg_0008_part_001.flac,native,0.166755,0.496836,0.694962,0.999527
deepfake-audio,fake/fake_020.flac,1,fake,Speechify,,sp_0003_part_007.flac,native,0.257646,0.801755,0.91337,0.999997
deepfake-audio,fake/fake_021.flac,1,fake,Amazon Polly,,po_0007_part_006.flac,native,0.112941,0.767677,0.926111,0.99992
deepfake-audio,fake/fake_022.flac,1,fake,Speechify,,sp_0004_part_013.flac,native,0.132602,0.879825,0.993276,0.999999
deepfake-audio,fake/fake_023.flac,1,fake,Speechify,,sp_0006_c_part_021.flac,native,0.142426,0.898444,0.986488,0.999995
deepfake-audio,fake/fake_024.flac,1,fake,Hume AI,,hu_0008_part_002.flac,native,0.11854,0.854757,0.970325,0.999975
deepfake-audio,fake/fake_025.flac,1,fake,Hexgrad Kokoro,,hg_0013_c_part_006.flac,native,0.243015,0.911038,0.959029,0.99998
deepfake-audio,fake/fake_026.flac,1,fake,Speechify,,sp_0005_c_part_008.flac,native,0.159098,0.843615,0.993539,0.999958
deepfake-audio,fake/fake_027.flac,1,fake,Speechify,,sp_0002_c_part_016.flac,native,0.204834,0.881204,0.997518,0.999993
deepfake-audio,fake/fake_028.flac,1,fake,Hume AI,,hu_0003_part_001.flac,native,0.232736,0.91329,0.980874,0.999974
deepfake-audio,fake/fake_029.flac,1,fake,Luvvoice,,lv_0002_part_001.flac,native,0.141212,0.908083,0.995299,0.999998
deepfake-audio,fake/fake_030.flac,1,fake,Hexgrad Kokoro,,hg_0009_part_002.flac,native,0.090385,0.478366,0.760668,0.999881
deepfake-audio,fake/fake_031.flac,1,fake,Speechify,,sp_0007_part_001.flac,native,0.138425,0.651609,0.925955,0.999999
deepfake-audio,fake/fake_032.flac,1,fake,Speechify,,sp_0006_part_015.flac,native,0.130925,0.806941,0.951859,0.999997
deepfake-audio,fake/fake_033.flac,1,fake,Hume AI,,hu_0004_part_010.flac,native,0.168401,0.933639,0.995883,0.999999
deepfake-audio,fake/fake_034.flac,1,fake,ElevenLabs,,el_0013_c_part_014.flac,native,0.566343,0.964285,0.995757,0.999979
deepfake-audio,fake/fake_035.flac,1,fake,Speechify,,sp_0005_c_part_026.flac,native,0.298162,0.962137,0.996568,0.999989
deepfake-audio,fake/fake_036.flac,1,fake,Luvvoice,,lv_0001_part_003.flac,native,0.130552,0.895712,0.99448,0.999994
deepfake-audio,fake/fake_037.flac,1,fake,ElevenLabs,,el_0008_c_part_006.flac,native,0.16866,0.918945,0.979396,0.999986
deepfake-audio,fake/fake_038.flac,1,fake,Amazon Polly,,po_0026_c_part_008.flac,native,0.213179,0.936254,0.996533,0.99999
deepfake-audio,fake/fake_039.flac,1,fake,Hume AI,,hu_0002_part_009.flac,native,0.164293,0.898435,0.984927,0.999991
deepfake-audio,fake/fake_040.flac,1,fake,Speechify,,sp_0003_part_010.flac,native,0.139284,0.859686,0.986286,0.999996
deepfake-audio,fake/fake_041.flac,1,fake,Speechify,,sp_0003_part_004.flac,native,0.223965,0.932609,0.99338,0.999997
deepfake-audio,fake/fake_042.flac,1,fake,ElevenLabs,,el_0010_c_part_016.flac,native,0.265579,0.904041,0.989871,0.999972
deepfake-audio,fake/fake_043.flac,1,fake,Speechify,,sp_0004_part_005.flac,native,0.391575,0.974689,0.997483,0.999821
deepfake-audio,fake/fake_044.flac,1,fake,Hume AI,,hu_0001_part_003.flac,native,0.201386,0.350446,0.520574,0.306326
deepfake-audio,fake/fake_045.flac,1,fake,Speechify,,sp_0007_part_003.flac,native,0.118404,0.856741,0.998287,0.999999
deepfake-audio,fake/fake_046.flac,1,fake,Hexgrad Kokoro,,hg_0010_part_003.flac,native,0.260781,0.706164,0.929788,0.999874
deepfake-audio,fake/fake_047.flac,1,fake,Speechify,,sp_0003_part_001.flac,native,0.251015,0.835327,0.903726,0.999991
deepfake-audio,fake/fake_048.flac,1,fake,Hexgrad Kokoro,,hg_0013_part_002.flac,native,0.339227,0.920953,0.989553,0.999889
deepfake-audio,fake/fake_049.flac,1,fake,Amazon Polly,,po_0004_part_004.flac,native,0.229983,0.878916,0.872481,0.999816
deepfake-audio,fake/fake_050.flac,1,fake,ElevenLabs,,el_0015_c_part_025.flac,native,0.387488,0.921635,0.956991,0.999984
deepfake-audio,fake/fake_051.flac,1,fake,Hume AI,,hu_0001_part_009.flac,native,0.390293,0.930933,0.984217,1.0
deepfake-audio,fake/fake_052.flac,1,fake,Speechify,,sp_0006_c_part_024.flac,native,0.453964,0.931634,0.958578,0.999401
deepfake-audio,fake/fake_053.flac,1,fake,Hume AI,,hu_0006_part_001.flac,native,0.21933,0.339619,0.253916,0.922534
deepfake-audio,fake/fake_054.flac,1,fake,Speechify,,sp_0001_part_007.flac,native,0.209666,0.927798,0.992071,0.999997
deepfake-audio,fake/fake_055.flac,1,fake,Speechify,,sp_0007_part_001.flac,native,0.138425,0.651609,0.925955,0.999999
deepfake-audio,fake/fake_056.flac,1,fake,Luvvoice,,lv_0002_c_part_011.flac,native,0.178421,0.903905,0.994926,0.999996
deepfake-audio,fake/fake_057.flac,1,fake,Speechify,,sp_0008_part_006.flac,native,0.124197,0.900413,0.998029,0.999999
deepfake-audio,fake/fake_058.flac,1,fake,Hexgrad Kokoro,,hg_0007_part_003.flac,native,0.163753,0.40707,0.65997,0.998155
deepfake-audio,fake/fake_059.flac,1,fake,Luvvoice,,lv_0005_c_part_017.flac,native,0.183031,0.9284,0.985846,0.999996
deepfake-audio,fake/fake_060.flac,1,fake,ElevenLabs,,el_0011_c_part_012.flac,native,0.219867,0.899373,0.984559,0.999973
deepfake-audio,fake/fake_061.flac,1,fake,Amazon Polly,,po_0030_part_001.flac,native,0.242005,0.942975,0.993918,0.999996
deepfake-audio,fake/fake_062.flac,1,fake,Speechify,,sp_0003_c_part_016.flac,native,0.346994,0.966063,0.995706,0.999994
deepfake-audio,fake/fake_063.flac,1,fake,Hume AI,,hu_0001_part_004.flac,native,0.12169,0.866419,0.986252,0.999997
deepfake-audio,fake/fake_064.flac,1,fake,Speechify,,sp_0001_part_002.flac,native,0.127429,0.69925,0.871289,0.999645
deepfake-audio,fake/fake_065.flac,1,fake,Luvvoice,,lv_0002_part_002.flac,native,0.361275,0.952344,0.993112,0.999997
deepfake-audio,fake/fake_066.flac,1,fake,Speechify,,sp_0008_part_005.flac,native,0.126883,0.744479,0.991226,0.999991
deepfake-audio,fake/fake_067.flac,1,fake,Amazon Polly,,po_0008_c_part_013.flac,native,0.125197,0.803517,0.994897,0.999934
deepfake-audio,fake/fake_068.flac,1,fake,ElevenLabs,,el_0004_c_part_003.flac,native,0.421829,0.915502,0.99217,0.999815
deepfake-audio,fake/fake_069.flac,1,fake,Amazon Polly,,po_0034_c_part_017.flac,native,0.107026,0.843045,0.991805,0.999997
deepfake-audio,fake/fake_070.flac,1,fake,Luvvoice,,lv_0003_c_part_015.flac,native,0.296534,0.93954,0.9941,0.999998
deepfake-audio,fake/fake_071.flac,1,fake,ElevenLabs,,el_0010_c_part_007.flac,native,0.263746,0.953994,0.993434,0.999998
deepfake-audio,fake/fake_072.flac,1,fake,ElevenLabs,,el_0003_c_part_004.flac,native,0.306289,0.927614,0.992913,0.999997
deepfake-audio,fake/fake_073.flac,1,fake,ElevenLabs,,el_0013_c_part_007.flac,native,0.410519,0.914369,0.956116,0.99993
deepfake-audio,fake/fake_074.flac,1,fake,Hume AI,,hu_0001_part_011.flac,native,0.265498,0.950876,0.99722,0.999998
deepfake-audio,fake/fake_075.flac,1,fake,ElevenLabs,,el_0028_part_001.flac,native,0.23504,0.904899,0.990391,0.998784
deepfake-audio,fake/fake_076.flac,1,fake,Luvvoice,,lv_0006_part_006.flac,native,0.249589,0.852011,0.972865,0.999992
deepfake-audio,fake/fake_077.flac,1,fake,ElevenLabs,,el_0015_c_part_009.flac,native,0.31606,0.873254,0.98962,0.99979
deepfake-audio,fake/fake_078.flac,1,fake,Amazon Polly,,po_0034_c_part_012.flac,native,0.120135,0.898195,0.998794,0.999999
deepfake-audio,fake/fake_079.flac,1,fake,Luvvoice,,lv_0005_part_013.flac,native,0.176873,0.844219,0.987104,0.999999
deepfake-audio,fake/fake_080.flac,1,fake,Speechify,,sp_0003_part_010.flac,native,0.139284,0.859686,0.986286,0.999996
deepfake-audio,fake/fake_081.flac,1,fake,Hume AI,,hu_0007_c_part_008.flac,native,0.116951,0.80154,0.956304,0.999974
deepfake-audio,fake/fake_082.flac,1,fake,Speechify,,sp_0001_part_003.flac,native,0.306501,0.96476,0.995356,0.999989
deepfake-audio,fake/fake_083.flac,1,fake,ElevenLabs,,el_0012_part_001.flac,native,0.156809,0.594513,0.51646,0.9995
deepfake-audio,fake/fake_084.flac,1,fake,Luvvoice,,lv_0001_part_004.flac,native,0.116899,0.208685,0.306725,0.89562
deepfake-audio,fake/fake_085.flac,1,fake,Amazon Polly,,po_0008_part_002.flac,native,0.225457,0.9463,0.996625,0.999998
deepfake-audio,fake/fake_086.flac,1,fake,Luvvoice,,lv_0004_part_005.flac,native,0.117608,0.812747,0.987127,0.999997
deepfake-audio,fake/fake_087.flac,1,fake,Hexgrad Kokoro,,hg_0002_c_part_006.flac,native,0.194688,0.887683,0.986814,0.999992
deepfake-audio,fake/fake_088.flac,1,fake,Amazon Polly,,po_0007_part_008.flac,native,0.191528,0.932399,0.994711,0.999997
deepfake-audio,fake/fake_089.flac,1,fake,ElevenLabs,,el_0013_c_part_012.flac,native,0.450204,0.970185,0.996111,0.999995
deepfake-audio,fake/fake_090.flac,1,fake,Hexgrad Kokoro,,hg_0006_c_part_005.flac,native,0.163109,0.891508,0.978276,0.999988
deepfake-audio,fake/fake_091.flac,1,fake,Speechify,,sp_0001_part_008.flac,native,0.166927,0.6482,0.923993,0.999992
deepfake-audio,fake/fake_092.flac,1,fake,Hume AI,,hu_0004_part_006.flac,native,0.186499,0.893518,0.985248,0.999999
deepfake-audio,fake/fake_093.flac,1,fake,ElevenLabs,,el_0013_part_002.flac,native,0.288731,0.942711,0.997481,0.999998
deepfake-audio,fake/fake_094.flac,1,fake,ElevenLabs,,el_0015_c_part_010.flac,native,0.301238,0.931592,0.991307,0.999992
deepfake-audio,fake/fake_095.flac,1,fake,Speechify,,sp_0005_c_part_028.flac,native,0.268678,0.937416,0.981153,0.999997
deepfake-audio,fake/fake_096.flac,1,fake,ElevenLabs,,el_0015_c_part_024.flac,native,0.257327,0.934717,0.99204,0.999999
deepfake-audio,fake/fake_097.flac,1,fake,Amazon Polly,,po_0033_c_part_011.flac,native,0.315215,0.837442,0.915991,0.999805
deepfake-audio,fake/fake_098.flac,1,fake,ElevenLabs,,el_0015_c_part_020.flac,native,0.282378,0.889292,0.954643,0.999987
deepfake-audio,fake/fake_099.flac,1,fake,Luvvoice,,lv_0004_part_002.flac,native,0.187889,0.932633,0.99655,0.999994
asvspoof5,real/E_0000007662.flac,0,real,bonafide,,,native,0.369674,0.831274,0.898396,0.998689
asvspoof5,real/E_0000024370.flac,0,real,bonafide,,,native,0.165072,0.677966,0.927694,0.999574
asvspoof5,real/E_0000057807.flac,0,real,bonafide,,,native,0.136232,0.220632,0.462375,0.491168
asvspoof5,real/E_0000067756.flac,0,real,bonafide,,,native,0.168611,0.77426,0.973036,0.999999
asvspoof5,real/E_0000077522.flac,0,real,bonafide,,,native,0.272988,0.65434,0.714749,0.999964
asvspoof5,real/E_0000093696.flac,0,real,bonafide,,,native,0.249879,0.624349,0.749954,0.992274
asvspoof5,real/E_0000111870.flac,0,real,bonafide,,,native,0.456252,0.852547,0.922485,0.999989
asvspoof5,real/E_0000113090.flac,0,real,bonafide,,,native,0.083701,0.648173,0.977055,0.99996
asvspoof5,real/E_0000128744.flac,0,real,bonafide,,,native,0.37074,0.402926,0.409774,0.013891
asvspoof5,real/E_0000157655.flac,0,real,bonafide,,,native,0.336643,0.457142,0.433739,0.09267
asvspoof5,real/E_0000174762.flac,0,real,bonafide,,,native,0.603957,0.720955,0.659045,0.035375
asvspoof5,real/E_0000189610.flac,0,real,bonafide,,,native,0.293551,0.33356,0.205222,0.001504
asvspoof5,real/E_0000199195.flac,0,real,bonafide,,,native,0.52725,0.846265,0.90923,0.996607
asvspoof5,real/E_0000212830.flac,0,real,bonafide,,,native,0.565104,0.664159,0.764262,0.220003
asvspoof5,real/E_0000212916.flac,0,real,bonafide,,,native,0.193215,0.732465,0.849457,0.998868
asvspoof5,real/E_0000218057.flac,0,real,bonafide,,,native,0.250794,0.648523,0.645929,0.978332
asvspoof5,real/E_0000218100.flac,0,real,bonafide,,,native,0.311106,0.817473,0.70897,0.99886
asvspoof5,real/E_0000220167.flac,0,real,bonafide,,,native,0.257412,0.346673,0.405207,0.003627
asvspoof5,real/E_0000231993.flac,0,real,bonafide,,,native,0.664408,0.875454,0.855364,0.992128
asvspoof5,real/E_0000243846.flac,0,real,bonafide,,,native,0.241708,0.676211,0.907813,0.999882
asvspoof5,real/E_0000244527.flac,0,real,bonafide,,,native,0.701361,0.763057,0.826636,0.012183
asvspoof5,real/E_0000258329.flac,0,real,bonafide,,,native,0.322212,0.894563,0.960414,0.999998
asvspoof5,real/E_0000267596.flac,0,real,bonafide,,,native,0.442024,0.875657,0.885396,0.999379
asvspoof5,real/E_0000274402.flac,0,real,bonafide,,,native,0.452789,0.931309,0.988655,0.999952
asvspoof5,real/E_0000279501.flac,0,real,bonafide,,,native,0.155143,0.56912,0.805153,0.999751
asvspoof5,real/E_0000284052.flac,0,real,bonafide,,,native,0.317276,0.489504,0.680345,0.986183
asvspoof5,real/E_0000297406.flac,0,real,bonafide,,,native,0.200286,0.84702,0.974998,0.999943
asvspoof5,real/E_0000300235.flac,0,real,bonafide,,,native,0.539081,0.669321,0.665747,0.074335
asvspoof5,real/E_0000301101.flac,0,real,bonafide,,,native,0.295702,0.839607,0.976809,0.999981
asvspoof5,real/E_0000309815.flac,0,real,bonafide,,,native,0.283463,0.551204,0.531163,0.995618
asvspoof5,real/E_0000316097.flac,0,real,bonafide,,,native,0.334901,0.809348,0.929795,0.99999
asvspoof5,real/E_0000324440.flac,0,real,bonafide,,,native,0.470315,0.834087,0.842726,0.999757
asvspoof5,real/E_0000340345.flac,0,real,bonafide,,,native,0.177759,0.725821,0.961972,0.998397
asvspoof5,real/E_0000342363.flac,0,real,bonafide,,,native,0.643025,0.886531,0.870266,0.999445
asvspoof5,real/E_0000356812.flac,0,real,bonafide,,,native,0.39827,0.482074,0.314818,0.001289
asvspoof5,real/E_0000365251.flac,0,real,bonafide,,,native,0.248515,0.258516,0.331298,0.860851
asvspoof5,real/E_0000372569.flac,0,real,bonafide,,,native,0.351228,0.764376,0.631958,0.995264
asvspoof5,real/E_0000378215.flac,0,real,bonafide,,,native,0.634187,0.702834,0.553462,0.950534
asvspoof5,real/E_0000378894.flac,0,real,bonafide,,,native,0.521168,0.73309,0.41688,0.087989
asvspoof5,real/E_0000386872.flac,0,real,bonafide,,,native,0.311069,0.509398,0.321339,0.532617
asvspoof5,real/E_0000395445.flac,0,real,bonafide,,,native,0.586117,0.676483,0.681167,0.165008
asvspoof5,real/E_0000395669.flac,0,real,bonafide,,,native,0.461341,0.712671,0.762544,0.997407
asvspoof5,real/E_0000406588.flac,0,real,bonafide,,,native,0.391309,0.89685,0.942596,0.999987
asvspoof5,real/E_0000440960.flac,0,real,bonafide,,,native,0.391379,0.809677,0.859612,0.993625
asvspoof5,real/E_0000453314.flac,0,real,bonafide,,,native,0.634245,0.948817,0.981621,0.999941
asvspoof5,real/E_0000453757.flac,0,real,bonafide,,,native,0.810545,0.890619,0.954567,0.999421
asvspoof5,real/E_0000464506.flac,0,real,bonafide,,,native,0.219904,0.583249,0.782634,0.999907
asvspoof5,real/E_0000467238.flac,0,real,bonafide,,,native,0.342219,0.66708,0.731745,0.362875
asvspoof5,real/E_0000483820.flac,0,real,bonafide,,,native,0.214422,0.789679,0.967479,0.999998
asvspoof5,real/E_0000491411.flac,0,real,bonafide,,,native,0.492668,0.495842,0.648714,0.9741
asvspoof5,real/E_0000493914.flac,0,real,bonafide,,,native,0.239189,0.236792,0.187388,0.009278
asvspoof5,real/E_0000494199.flac,0,real,bonafide,,,native,0.499668,0.808134,0.879143,0.999121
asvspoof5,real/E_0000560695.flac,0,real,bonafide,,,native,0.30743,0.585804,0.723866,0.999989
asvspoof5,real/E_0000582627.flac,0,real,bonafide,,,native,0.226593,0.827751,0.976088,0.999997
asvspoof5,real/E_0000586286.flac,0,real,bonafide,,,native,0.10747,0.641416,0.937591,0.999576
asvspoof5,real/E_0000591251.flac,0,real,bonafide,,,native,0.561688,0.884173,0.947913,0.999692
asvspoof5,real/E_0000598235.flac,0,real,bonafide,,,native,0.317334,0.575961,0.728094,0.942547
asvspoof5,real/E_0000600578.flac,0,real,bonafide,,,native,0.776209,0.951659,0.977855,0.999519
asvspoof5,real/E_0000616814.flac,0,real,bonafide,,,native,0.164875,0.630922,0.726755,0.999393
asvspoof5,real/E_0000620787.flac,0,real,bonafide,,,native,0.182973,0.492299,0.658843,0.999445
asvspoof5,real/E_0000626300.flac,0,real,bonafide,,,native,0.170004,0.291936,0.328337,0.456515
asvspoof5,real/E_0000630850.flac,0,real,bonafide,,,native,0.392636,0.341374,0.318525,0.005561
asvspoof5,real/E_0000641022.flac,0,real,bonafide,,,native,0.670973,0.931267,0.979619,0.999475
asvspoof5,real/E_0000648179.flac,0,real,bonafide,,,native,0.200707,0.575463,0.701959,0.99976
asvspoof5,real/E_0000675876.flac,0,real,bonafide,,,native,0.299998,0.221994,0.046633,0.002593
asvspoof5,real/E_0000685013.flac,0,real,bonafide,,,native,0.419397,0.780635,0.824739,0.999328
asvspoof5,real/E_0000686650.flac,0,real,bonafide,,,native,0.420927,0.852443,0.929929,0.998372
asvspoof5,real/E_0000698076.flac,0,real,bonafide,,,native,0.586727,0.687248,0.864793,0.379735
asvspoof5,real/E_0000701530.flac,0,real,bonafide,,,native,0.434815,0.902833,0.97044,0.999973
asvspoof5,real/E_0000705585.flac,0,real,bonafide,,,native,0.352772,0.371773,0.168957,0.000939
asvspoof5,real/E_0000719769.flac,0,real,bonafide,,,native,0.349414,0.78575,0.937127,0.999621
asvspoof5,real/E_0000724139.flac,0,real,bonafide,,,native,0.396009,0.897268,0.933645,0.999242
asvspoof5,real/E_0000743772.flac,0,real,bonafide,,,native,0.484882,0.641894,0.608752,0.60155
asvspoof5,real/E_0000744570.flac,0,real,bonafide,,,native,0.542855,0.704403,0.777459,0.866102
asvspoof5,real/E_0000755039.flac,0,real,bonafide,,,native,0.219165,0.321907,0.242332,0.398649
asvspoof5,real/E_0000760945.flac,0,real,bonafide,,,native,0.205368,0.47957,0.680765,0.973495
asvspoof5,real/E_0000775283.flac,0,real,bonafide,,,native,0.190627,0.908281,0.994289,0.999938
asvspoof5,real/E_0000777245.flac,0,real,bonafide,,,native,0.159623,0.15275,0.088106,0.134963
asvspoof5,real/E_0000786412.flac,0,real,bonafide,,,native,0.77213,0.924402,0.966259,0.999884
asvspoof5,real/E_0000798037.flac,0,real,bonafide,,,native,0.689255,0.948784,0.977894,0.99927
asvspoof5,real/E_0000805397.flac,0,real,bonafide,,,native,0.303913,0.275288,0.271107,0.005658
asvspoof5,real/E_0000818148.flac,0,real,bonafide,,,native,0.306331,0.700357,0.833949,0.99868
asvspoof5,real/E_0000833269.flac,0,real,bonafide,,,native,0.335903,0.383637,0.113684,0.001788
asvspoof5,real/E_0000843070.flac,0,real,bonafide,,,native,0.223008,0.810788,0.935275,0.999964
asvspoof5,real/E_0000854001.flac,0,real,bonafide,,,native,0.86661,0.9758,0.995432,0.998436
asvspoof5,real/E_0000863881.flac,0,real,bonafide,,,native,0.221495,0.453862,0.536671,0.992621
asvspoof5,real/E_0000878321.flac,0,real,bonafide,,,native,0.238279,0.600974,0.536162,0.992736
asvspoof5,real/E_0000888608.flac,0,real,bonafide,,,native,0.247652,0.41532,0.446156,0.728962
asvspoof5,real/E_0000892258.flac,0,real,bonafide,,,native,0.246135,0.705076,0.80902,0.999769
asvspoof5,real/E_0000907631.flac,0,real,bonafide,,,native,0.390862,0.259272,0.104499,0.863421
asvspoof5,real/E_0000911700.flac,0,real,bonafide,,,native,0.242385,0.70892,0.955168,0.999559
asvspoof5,real/E_0000919461.flac,0,real,bonafide,,,native,0.591166,0.74196,0.839432,0.814111
asvspoof5,real/E_0000932424.flac,0,real,bonafide,,,native,0.176057,0.647919,0.921127,0.999908
asvspoof5,real/E_0000937511.flac,0,real,bonafide,,,native,0.518193,0.88681,0.979365,0.999967
asvspoof5,real/E_0000942062.flac,0,real,bonafide,,,native,0.358082,0.392823,0.29151,0.014032
asvspoof5,real/E_0000945935.flac,0,real,bonafide,,,native,0.247856,0.692441,0.929671,0.999974
asvspoof5,real/E_0000997926.flac,0,real,bonafide,,,native,0.688846,0.773064,0.675999,0.970617
asvspoof5,real/E_0000999248.flac,0,real,bonafide,,,native,0.587104,0.727166,0.732492,0.184444
asvspoof5,real/E_0001005631.flac,0,real,bonafide,,,native,0.386108,0.808002,0.786352,0.995201
asvspoof5,real/E_0001008919.flac,0,real,bonafide,,,native,0.277488,0.884791,0.801436,0.993131
asvspoof5,fake/E_0000003652.flac,1,fake,A24,,,native,0.739908,0.902011,0.957553,0.93139
asvspoof5,fake/E_0000004248.flac,1,fake,A27,,,native,0.945561,0.98498,0.998974,0.999653
asvspoof5,fake/E_0000027711.flac,1,fake,A25,,,native,0.679268,0.739482,0.8075,0.9976
asvspoof5,fake/E_0000028151.flac,1,fake,A26,,,native,0.553052,0.920128,0.994145,0.999975
asvspoof5,fake/E_0000045418.flac,1,fake,A24,,,native,0.257517,0.644921,0.795539,0.995369
asvspoof5,fake/E_0000054846.flac,1,fake,A32,,,native,0.855169,0.967026,0.993821,0.997595
asvspoof5,fake/E_0000059499.flac,1,fake,A23,,,native,0.538176,0.725891,0.730714,0.970228
asvspoof5,fake/E_0000061052.flac,1,fake,A26,,,native,0.725761,0.968709,0.995086,0.999999
asvspoof5,fake/E_0000063540.flac,1,fake,A32,,,native,0.88848,0.988096,0.999288,0.999862
asvspoof5,fake/E_0000069338.flac,1,fake,A25,,,native,0.89505,0.970175,0.994563,0.997972
asvspoof5,fake/E_0000083516.flac,1,fake,A24,,,native,0.728277,0.830024,0.928136,0.986132
asvspoof5,fake/E_0000088236.flac,1,fake,A32,,,native,0.920648,0.989051,0.99955,0.999785
asvspoof5,fake/E_0000102025.flac,1,fake,A26,,,native,0.93352,0.9619,0.995894,0.999814
asvspoof5,fake/E_0000107331.flac,1,fake,A21,,,native,0.543066,0.866368,0.985759,0.999999
asvspoof5,fake/E_0000118851.flac,1,fake,A21,,,native,0.436419,0.436735,0.374263,0.268667
asvspoof5,fake/E_0000118931.flac,1,fake,A28,,,native,0.232153,0.355302,0.393748,0.225696
asvspoof5,fake/E_0000149641.flac,1,fake,A32,,,native,0.972292,0.982115,0.999328,0.999992
asvspoof5,fake/E_0000152221.flac,1,fake,A26,,,native,0.851537,0.96468,0.980283,0.999942
asvspoof5,fake/E_0000162085.flac,1,fake,A22,,,native,0.170678,0.565961,0.897251,0.999804
asvspoof5,fake/E_0000168972.flac,1,fake,A19,,,native,0.954716,0.98833,0.999777,0.999934
asvspoof5,fake/E_0000186959.flac,1,fake,A25,,,native,0.831489,0.821261,0.924503,0.999807
asvspoof5,fake/E_0000188550.flac,1,fake,A27,,,native,0.945148,0.963777,0.996885,0.999906
asvspoof5,fake/E_0000195117.flac,1,fake,A25,,,native,0.887761,0.968017,0.992615,0.999223
asvspoof5,fake/E_0000199448.flac,1,fake,A29,,,native,0.801279,0.916935,0.935909,0.998974
asvspoof5,fake/E_0000200375.flac,1,fake,A26,,,native,0.411838,0.947251,0.976296,0.999989
asvspoof5,fake/E_0000201952.flac,1,fake,A17,,,native,0.71303,0.873871,0.906004,0.994942
asvspoof5,fake/E_0000248389.flac,1,fake,A19,,,native,0.894381,0.957281,0.998212,0.9994
asvspoof5,fake/E_0000249729.flac,1,fake,A22,,,native,0.638002,0.966809,0.996438,0.999987
asvspoof5,fake/E_0000253706.flac,1,fake,A24,,,native,0.250459,0.525555,0.790187,0.9703
asvspoof5,fake/E_0000255505.flac,1,fake,A22,,,native,0.616662,0.74621,0.825464,0.842955
asvspoof5,fake/E_0000259988.flac,1,fake,A30,,,native,0.842851,0.908131,0.963269,0.988497
asvspoof5,fake/E_0000261216.flac,1,fake,A20,,,native,0.8389,0.989136,0.999768,0.999976
asvspoof5,fake/E_0000266114.flac,1,fake,A20,,,native,0.888726,0.993847,0.999907,0.999827
asvspoof5,fake/E_0000269181.flac,1,fake,A25,,,native,0.907231,0.959998,0.905572,0.93699
asvspoof5,fake/E_0000279821.flac,1,fake,A31,,,native,0.720683,0.954192,0.991788,0.999907
asvspoof5,fake/E_0000288924.flac,1,fake,A29,,,native,0.575638,0.917283,0.938866,0.99965
asvspoof5,fake/E_0000290498.flac,1,fake,A27,,,native,0.923853,0.993445,0.999372,0.999261
asvspoof5,fake/E_0000309826.flac,1,fake,A25,,,native,0.823979,0.975998,0.989523,0.999975
asvspoof5,fake/E_0000316432.flac,1,fake,A20,,,native,0.961177,0.984919,0.99728,0.997845
asvspoof5,fake/E_0000318834.flac,1,fake,A19,,,native,0.923716,0.950084,0.987478,0.998218
asvspoof5,fake/E_0000320330.flac,1,fake,A24,,,native,0.30588,0.65917,0.764581,0.999982
asvspoof5,fake/E_0000323683.flac,1,fake,A21,,,native,0.530965,0.886068,0.957169,0.99987
asvspoof5,fake/E_0000326088.flac,1,fake,A30,,,native,0.796779,0.955543,0.950362,0.990603
asvspoof5,fake/E_0000326253.flac,1,fake,A27,,,native,0.954445,0.963181,0.998073,0.999936
asvspoof5,fake/E_0000326607.flac,1,fake,A20,,,native,0.923326,0.992761,0.999781,0.999807
asvspoof5,fake/E_0000330802.flac,1,fake,A27,,,native,0.925601,0.99189,0.99916,0.99954
asvspoof5,fake/E_0000375785.flac,1,fake,A29,,,native,0.408361,0.683503,0.827738,0.997495
asvspoof5,fake/E_0000388019.flac,1,fake,A22,,,native,0.685875,0.878351,0.951268,0.979156
asvspoof5,fake/E_0000392280.flac,1,fake,A17,,,native,0.68551,0.960405,0.960825,0.998826
asvspoof5,fake/E_0000392562.flac,1,fake,A24,,,native,0.264899,0.754955,0.975926,0.999331
asvspoof5,fake/E_0000393732.flac,1,fake,A28,,,native,0.20273,0.707211,0.917129,0.999682
asvspoof5,fake/E_0000401671.flac,1,fake,A29,,,native,0.686735,0.667407,0.843482,0.996705
asvspoof5,fake/E_0000426636.flac,1,fake,A22,,,native,0.553319,0.799603,0.759203,0.225528
asvspoof5,fake/E_0000431417.flac,1,fake,A21,,,native,0.480714,0.327065,0.315866,0.998496
asvspoof5,fake/E_0000437253.flac,1,fake,A26,,,native,0.935502,0.96151,0.994352,0.999893
asvspoof5,fake/E_0000442147.flac,1,fake,A26,,,native,0.813203,0.851435,0.892602,0.981351
asvspoof5,fake/E_0000445249.flac,1,fake,A30,,,native,0.76364,0.941817,0.943287,0.998829
asvspoof5,fake/E_0000445676.flac,1,fake,A19,,,native,0.932833,0.972092,0.997052,0.999611
asvspoof5,fake/E_0000457502.flac,1,fake,A27,,,native,0.859937,0.99007,0.999577,0.999832
asvspoof5,fake/E_0000464724.flac,1,fake,A32,,,native,0.934106,0.987868,0.99921,0.999239
asvspoof5,fake/E_0000476283.flac,1,fake,A18,,,native,0.902165,0.905288,0.988344,0.999882
asvspoof5,fake/E_0000487339.flac,1,fake,A21,,,native,0.558477,0.590804,0.519495,0.26424
asvspoof5,fake/E_0000526457.flac,1,fake,A20,,,native,0.799809,0.985806,0.999082,0.99987
asvspoof5,fake/E_0000545844.flac,1,fake,A29,,,native,0.668171,0.651192,0.705076,0.998968
asvspoof5,fake/E_0000546036.flac,1,fake,A22,,,native,0.667137,0.70575,0.461359,0.050392
asvspoof5,fake/E_0000564133.flac,1,fake,A19,,,native,0.874109,0.974482,0.993592,0.994125
asvspoof5,fake/E_0000573583.flac,1,fake,A22,,,native,0.698385,0.716261,0.635979,0.396725
asvspoof5,fake/E_0000581947.flac,1,fake,A21,,,native,0.229575,0.229751,0.282392,0.106152
asvspoof5,fake/E_0000615311.flac,1,fake,A23,,,native,0.326494,0.692624,0.813598,0.997351
asvspoof5,fake/E_0000619464.flac,1,fake,A18,,,native,0.910074,0.990853,0.999728,0.999965
asvspoof5,fake/E_0000620681.flac,1,fake,A28,,,native,0.106174,0.259242,0.414895,0.98463
asvspoof5,fake/E_0000666316.flac,1,fake,A26,,,native,0.842618,0.969976,0.988099,0.999474
asvspoof5,fake/E_0000686063.flac,1,fake,A32,,,native,0.894875,0.991465,0.998573,0.999745
asvspoof5,fake/E_0000699968.flac,1,fake,A19,,,native,0.705091,0.97936,0.999227,0.999961
asvspoof5,fake/E_0000701415.flac,1,fake,A23,,,native,0.443857,0.772824,0.805947,0.999249
asvspoof5,fake/E_0000703126.flac,1,fake,A32,,,native,0.874081,0.984142,0.999183,0.999971
asvspoof5,fake/E_0000705711.flac,1,fake,A32,,,native,0.947237,0.991889,0.999518,0.999825
asvspoof5,fake/E_0000744360.flac,1,fake,A29,,,native,0.625651,0.80055,0.790531,0.969871
asvspoof5,fake/E_0000751024.flac,1,fake,A28,,,native,0.229584,0.553848,0.408681,0.831795
asvspoof5,fake/E_0000759160.flac,1,fake,A21,,,native,0.499241,0.709462,0.901184,0.99431
asvspoof5,fake/E_0000766736.flac,1,fake,A26,,,native,0.716878,0.883897,0.963352,0.99687
asvspoof5,fake/E_0000768791.flac,1,fake,A17,,,native,0.839925,0.858691,0.761977,0.971989
asvspoof5,fake/E_0000777284.flac,1,fake,A17,,,native,0.688787,0.538101,0.559254,0.998927
asvspoof5,fake/E_0000788516.flac,1,fake,A23,,,native,0.380502,0.864007,0.987034,0.999991
asvspoof5,fake/E_0000804085.flac,1,fake,A18,,,native,0.777572,0.970901,0.995747,0.999952
asvspoof5,fake/E_0000864233.flac,1,fake,A30,,,native,0.935924,0.973493,0.996425,0.998451
asvspoof5,fake/E_0000866137.flac,1,fake,A26,,,native,0.88288,0.948229,0.991991,0.999546
asvspoof5,fake/E_0000872463.flac,1,fake,A21,,,native,0.26478,0.45868,0.602873,0.846048
asvspoof5,fake/E_0000887837.flac,1,fake,A24,,,native,0.256978,0.638832,0.852677,0.999999
asvspoof5,fake/E_0000906884.flac,1,fake,A28,,,native,0.345771,0.56579,0.713212,0.978908
asvspoof5,fake/E_0000922071.flac,1,fake,A29,,,native,0.322157,0.750035,0.780872,0.999897
asvspoof5,fake/E_0000944755.flac,1,fake,A26,,,native,0.795371,0.969934,0.993135,0.999981
asvspoof5,fake/E_0000950987.flac,1,fake,A32,,,native,0.92083,0.987558,0.99932,0.999447
asvspoof5,fake/E_0000952071.flac,1,fake,A21,,,native,0.435886,0.702671,0.880007,0.999851
asvspoof5,fake/E_0000962592.flac,1,fake,A19,,,native,0.896851,0.985961,0.999312,0.999824
asvspoof5,fake/E_0000985022.flac,1,fake,A28,,,native,0.166204,0.421569,0.75979,0.988264
asvspoof5,fake/E_0000988010.flac,1,fake,A31,,,native,0.65525,0.907966,0.97233,0.999933
asvspoof5,fake/E_0001005413.flac,1,fake,A21,,,native,0.268044,0.498492,0.729627,0.999896
asvspoof5,fake/E_0001008526.flac,1,fake,A19,,,native,0.926122,0.966587,0.997232,0.999718
asvspoof5,fake/E_0001010300.flac,1,fake,A22,,,native,0.641647,0.925591,0.983268,0.999997
mlaad,real/E_0000007662.flac,0,real,bonafide (ASVspoof5),clean,,native,0.369674,0.831274,0.898396,0.998689
mlaad,real/E_0000024370.flac,0,real,bonafide (ASVspoof5),clean,,native,0.165072,0.677966,0.927694,0.999574
mlaad,real/E_0000057807.flac,0,real,bonafide (ASVspoof5),clean,,native,0.136232,0.220632,0.462375,0.491168
mlaad,real/E_0000067756.flac,0,real,bonafide (ASVspoof5),clean,,native,0.168611,0.77426,0.973036,0.999999
mlaad,real/E_0000077522.flac,0,real,bonafide (ASVspoof5),clean,,native,0.272988,0.65434,0.714749,0.999964
mlaad,real/E_0000093696.flac,0,real,bonafide (ASVspoof5),clean,,native,0.249879,0.624349,0.749954,0.992274
mlaad,real/E_0000111870.flac,0,real,bonafide (ASVspoof5),clean,,native,0.456252,0.852547,0.922485,0.999989
mlaad,real/E_0000113090.flac,0,real,bonafide (ASVspoof5),clean,,native,0.083701,0.648173,0.977055,0.99996
mlaad,real/E_0000128744.flac,0,real,bonafide (ASVspoof5),clean,,native,0.37074,0.402926,0.409774,0.013891
mlaad,real/E_0000157655.flac,0,real,bonafide (ASVspoof5),clean,,native,0.336643,0.457142,0.433739,0.09267
mlaad,real/E_0000174762.flac,0,real,bonafide (ASVspoof5),clean,,native,0.603957,0.720955,0.659045,0.035375
mlaad,real/E_0000189610.flac,0,real,bonafide (ASVspoof5),clean,,native,0.293551,0.33356,0.205222,0.001504
mlaad,real/E_0000199195.flac,0,real,bonafide (ASVspoof5),clean,,native,0.52725,0.846265,0.90923,0.996607
mlaad,real/E_0000212830.flac,0,real,bonafide (ASVspoof5),clean,,native,0.565104,0.664159,0.764262,0.220003
mlaad,real/E_0000212916.flac,0,real,bonafide (ASVspoof5),clean,,native,0.193215,0.732465,0.849457,0.998868
mlaad,real/E_0000218057.flac,0,real,bonafide (ASVspoof5),clean,,native,0.250794,0.648523,0.645929,0.978332
mlaad,real/E_0000218100.flac,0,real,bonafide (ASVspoof5),clean,,native,0.311106,0.817473,0.70897,0.99886
mlaad,real/E_0000220167.flac,0,real,bonafide (ASVspoof5),clean,,native,0.257412,0.346673,0.405207,0.003627
mlaad,real/E_0000231993.flac,0,real,bonafide (ASVspoof5),clean,,native,0.664408,0.875454,0.855364,0.992128
mlaad,real/E_0000243846.flac,0,real,bonafide (ASVspoof5),clean,,native,0.241708,0.676211,0.907813,0.999882
mlaad,real/E_0000244527.flac,0,real,bonafide (ASVspoof5),clean,,native,0.701361,0.763057,0.826636,0.012183
mlaad,real/E_0000258329.flac,0,real,bonafide (ASVspoof5),clean,,native,0.322212,0.894563,0.960414,0.999998
mlaad,real/E_0000267596.flac,0,real,bonafide (ASVspoof5),clean,,native,0.442024,0.875657,0.885396,0.999379
mlaad,real/E_0000274402.flac,0,real,bonafide (ASVspoof5),clean,,native,0.452789,0.931309,0.988655,0.999952
mlaad,real/E_0000279501.flac,0,real,bonafide (ASVspoof5),clean,,native,0.155143,0.56912,0.805153,0.999751
mlaad,real/E_0000284052.flac,0,real,bonafide (ASVspoof5),clean,,native,0.317276,0.489504,0.680345,0.986183
mlaad,real/E_0000297406.flac,0,real,bonafide (ASVspoof5),clean,,native,0.200286,0.84702,0.974998,0.999943
mlaad,real/E_0000300235.flac,0,real,bonafide (ASVspoof5),clean,,native,0.539081,0.669321,0.665747,0.074335
mlaad,real/E_0000301101.flac,0,real,bonafide (ASVspoof5),clean,,native,0.295702,0.839607,0.976809,0.999981
mlaad,real/E_0000309815.flac,0,real,bonafide (ASVspoof5),clean,,native,0.283463,0.551204,0.531163,0.995618
mlaad,real/E_0000316097.flac,0,real,bonafide (ASVspoof5),clean,,native,0.334901,0.809348,0.929795,0.99999
mlaad,real/E_0000324440.flac,0,real,bonafide (ASVspoof5),clean,,native,0.470315,0.834087,0.842726,0.999757
mlaad,real/E_0000340345.flac,0,real,bonafide (ASVspoof5),clean,,native,0.177759,0.725821,0.961972,0.998397
mlaad,real/E_0000342363.flac,0,real,bonafide (ASVspoof5),clean,,native,0.643025,0.886531,0.870266,0.999445
mlaad,real/E_0000356812.flac,0,real,bonafide (ASVspoof5),clean,,native,0.39827,0.482074,0.314818,0.001289
mlaad,real/E_0000365251.flac,0,real,bonafide (ASVspoof5),clean,,native,0.248515,0.258516,0.331298,0.860851
mlaad,real/E_0000372569.flac,0,real,bonafide (ASVspoof5),clean,,native,0.351228,0.764376,0.631958,0.995264
mlaad,real/E_0000378215.flac,0,real,bonafide (ASVspoof5),clean,,native,0.634187,0.702834,0.553462,0.950534
mlaad,real/E_0000378894.flac,0,real,bonafide (ASVspoof5),clean,,native,0.521168,0.73309,0.41688,0.087989
mlaad,real/E_0000386872.flac,0,real,bonafide (ASVspoof5),clean,,native,0.311069,0.509398,0.321339,0.532617
mlaad,real/E_0000395445.flac,0,real,bonafide (ASVspoof5),clean,,native,0.586117,0.676483,0.681167,0.165008
mlaad,real/E_0000395669.flac,0,real,bonafide (ASVspoof5),clean,,native,0.461341,0.712671,0.762544,0.997407
mlaad,real/E_0000406588.flac,0,real,bonafide (ASVspoof5),clean,,native,0.391309,0.89685,0.942596,0.999987
mlaad,real/E_0000440960.flac,0,real,bonafide (ASVspoof5),clean,,native,0.391379,0.809677,0.859612,0.993625
mlaad,real/E_0000453314.flac,0,real,bonafide (ASVspoof5),clean,,native,0.634245,0.948817,0.981621,0.999941
mlaad,real/E_0000453757.flac,0,real,bonafide (ASVspoof5),clean,,native,0.810545,0.890619,0.954567,0.999421
mlaad,real/E_0000464506.flac,0,real,bonafide (ASVspoof5),clean,,native,0.219904,0.583249,0.782634,0.999907
mlaad,real/E_0000467238.flac,0,real,bonafide (ASVspoof5),clean,,native,0.342219,0.66708,0.731745,0.362875
mlaad,real/E_0000483820.flac,0,real,bonafide (ASVspoof5),clean,,native,0.214422,0.789679,0.967479,0.999998
mlaad,real/E_0000491411.flac,0,real,bonafide (ASVspoof5),clean,,native,0.492668,0.495842,0.648714,0.9741
mlaad,real/E_0000493914.flac,0,real,bonafide (ASVspoof5),clean,,native,0.239189,0.236792,0.187388,0.009278
mlaad,real/E_0000494199.flac,0,real,bonafide (ASVspoof5),clean,,native,0.499668,0.808134,0.879143,0.999121
mlaad,real/E_0000560695.flac,0,real,bonafide (ASVspoof5),clean,,native,0.30743,0.585804,0.723866,0.999989
mlaad,real/E_0000582627.flac,0,real,bonafide (ASVspoof5),clean,,native,0.226593,0.827751,0.976088,0.999997
mlaad,real/E_0000586286.flac,0,real,bonafide (ASVspoof5),clean,,native,0.10747,0.641416,0.937591,0.999576
mlaad,real/E_0000591251.flac,0,real,bonafide (ASVspoof5),clean,,native,0.561688,0.884173,0.947913,0.999692
mlaad,real/E_0000598235.flac,0,real,bonafide (ASVspoof5),clean,,native,0.317334,0.575961,0.728094,0.942547
mlaad,real/E_0000600578.flac,0,real,bonafide (ASVspoof5),clean,,native,0.776209,0.951659,0.977855,0.999519
mlaad,real/E_0000616814.flac,0,real,bonafide (ASVspoof5),clean,,native,0.164875,0.630922,0.726755,0.999393
mlaad,real/E_0000620787.flac,0,real,bonafide (ASVspoof5),clean,,native,0.182973,0.492299,0.658843,0.999445
mlaad,real/E_0000626300.flac,0,real,bonafide (ASVspoof5),clean,,native,0.170004,0.291936,0.328337,0.456515
mlaad,real/E_0000630850.flac,0,real,bonafide (ASVspoof5),clean,,native,0.392636,0.341374,0.318525,0.005561
mlaad,real/E_0000641022.flac,0,real,bonafide (ASVspoof5),clean,,native,0.670973,0.931267,0.979619,0.999475
mlaad,real/E_0000648179.flac,0,real,bonafide (ASVspoof5),clean,,native,0.200707,0.575463,0.701959,0.99976
mlaad,real/E_0000675876.flac,0,real,bonafide (ASVspoof5),clean,,native,0.299998,0.221994,0.046633,0.002593
mlaad,real/E_0000685013.flac,0,real,bonafide (ASVspoof5),clean,,native,0.419397,0.780635,0.824739,0.999328
mlaad,real/E_0000686650.flac,0,real,bonafide (ASVspoof5),clean,,native,0.420927,0.852443,0.929929,0.998372
mlaad,real/E_0000698076.flac,0,real,bonafide (ASVspoof5),clean,,native,0.586727,0.687248,0.864793,0.379735
mlaad,real/E_0000701530.flac,0,real,bonafide (ASVspoof5),clean,,native,0.434815,0.902833,0.97044,0.999973
mlaad,real/E_0000705585.flac,0,real,bonafide (ASVspoof5),clean,,native,0.352772,0.371773,0.168957,0.000939
mlaad,real/E_0000719769.flac,0,real,bonafide (ASVspoof5),clean,,native,0.349414,0.78575,0.937127,0.999621
mlaad,real/E_0000724139.flac,0,real,bonafide (ASVspoof5),clean,,native,0.396009,0.897268,0.933645,0.999242
mlaad,real/E_0000743772.flac,0,real,bonafide (ASVspoof5),clean,,native,0.484882,0.641894,0.608752,0.60155
mlaad,real/E_0000744570.flac,0,real,bonafide (ASVspoof5),clean,,native,0.542855,0.704403,0.777459,0.866102
mlaad,real/E_0000755039.flac,0,real,bonafide (ASVspoof5),clean,,native,0.219165,0.321907,0.242332,0.398649
mlaad,real/E_0000760945.flac,0,real,bonafide (ASVspoof5),clean,,native,0.205368,0.47957,0.680765,0.973495
mlaad,real/E_0000775283.flac,0,real,bonafide (ASVspoof5),clean,,native,0.190627,0.908281,0.994289,0.999938
mlaad,real/E_0000777245.flac,0,real,bonafide (ASVspoof5),clean,,native,0.159623,0.15275,0.088106,0.134963
mlaad,real/E_0000786412.flac,0,real,bonafide (ASVspoof5),clean,,native,0.77213,0.924402,0.966259,0.999884
mlaad,real/E_0000798037.flac,0,real,bonafide (ASVspoof5),clean,,native,0.689255,0.948784,0.977894,0.99927
mlaad,real/E_0000805397.flac,0,real,bonafide (ASVspoof5),clean,,native,0.303913,0.275288,0.271107,0.005658
mlaad,real/E_0000818148.flac,0,real,bonafide (ASVspoof5),clean,,native,0.306331,0.700357,0.833949,0.99868
mlaad,real/E_0000833269.flac,0,real,bonafide (ASVspoof5),clean,,native,0.335903,0.383637,0.113684,0.001788
mlaad,real/E_0000843070.flac,0,real,bonafide (ASVspoof5),clean,,native,0.223008,0.810788,0.935275,0.999964
mlaad,real/E_0000854001.flac,0,real,bonafide (ASVspoof5),clean,,native,0.86661,0.9758,0.995432,0.998436
mlaad,real/E_0000863881.flac,0,real,bonafide (ASVspoof5),clean,,native,0.221495,0.453862,0.536671,0.992621
mlaad,real/E_0000878321.flac,0,real,bonafide (ASVspoof5),clean,,native,0.238279,0.600974,0.536162,0.992736
mlaad,real/E_0000888608.flac,0,real,bonafide (ASVspoof5),clean,,native,0.247652,0.41532,0.446156,0.728962
mlaad,real/E_0000892258.flac,0,real,bonafide (ASVspoof5),clean,,native,0.246135,0.705076,0.80902,0.999769
mlaad,real/E_0000907631.flac,0,real,bonafide (ASVspoof5),clean,,native,0.390862,0.259272,0.104499,0.863421
mlaad,real/E_0000911700.flac,0,real,bonafide (ASVspoof5),clean,,native,0.242385,0.70892,0.955168,0.999559
mlaad,real/E_0000919461.flac,0,real,bonafide (ASVspoof5),clean,,native,0.591166,0.74196,0.839432,0.814111
mlaad,real/E_0000932424.flac,0,real,bonafide (ASVspoof5),clean,,native,0.176057,0.647919,0.921127,0.999908
mlaad,real/E_0000937511.flac,0,real,bonafide (ASVspoof5),clean,,native,0.518193,0.88681,0.979365,0.999967
mlaad,real/E_0000942062.flac,0,real,bonafide (ASVspoof5),clean,,native,0.358082,0.392823,0.29151,0.014032
mlaad,real/E_0000945935.flac,0,real,bonafide (ASVspoof5),clean,,native,0.247856,0.692441,0.929671,0.999974
mlaad,real/E_0000997926.flac,0,real,bonafide (ASVspoof5),clean,,native,0.688846,0.773064,0.675999,0.970617
mlaad,real/E_0000999248.flac,0,real,bonafide (ASVspoof5),clean,,native,0.587104,0.727166,0.732492,0.184444
mlaad,real/E_0001005631.flac,0,real,bonafide (ASVspoof5),clean,,native,0.386108,0.808002,0.786352,0.995201
mlaad,real/E_0001008919.flac,0,real,bonafide (ASVspoof5),clean,,native,0.277488,0.884791,0.801436,0.993131
mlaad,fake/mlaad_000_ElevenLabs-v3.wav,1,fake,ElevenLabs-v3,held_out,fake/en/ElevenLabs-v3/the_sea_fairies_07_f000167.wav,native,0.185169,0.940722,0.999473,0.999976
mlaad,fake/mlaad_001_ElevenLabs-v3.wav,1,fake,ElevenLabs-v3,held_out,fake/en/ElevenLabs-v3/piratesofersatz_01_leinster_64kb_f000132.wav,native,0.118925,0.128248,0.104188,0.373053
mlaad,fake/mlaad_002_ElevenLabs-v3.wav,1,fake,ElevenLabs-v3,held_out,fake/en/ElevenLabs-v3/wives_and_daughters_29_f000094.wav,native,0.102434,0.559307,0.838943,0.999476
mlaad,fake/mlaad_003_ElevenLabs-v3.wav,1,fake,ElevenLabs-v3,held_out,fake/en/ElevenLabs-v3/wives_and_daughters_36_f000117.wav,native,0.122939,0.75867,0.959842,0.999981
mlaad,fake/mlaad_004_ElevenLabs-v3.wav,1,fake,ElevenLabs-v3,held_out,fake/en/ElevenLabs-v3/emerald_city_of_oz_07_f000059.wav,native,0.292071,0.931132,0.985017,0.999968
mlaad,fake/mlaad_005_ElevenLabs-v3.wav,1,fake,ElevenLabs-v3,held_out,fake/en/ElevenLabs-v3/pink_fairy_book_32_f000109.wav,native,0.111982,0.266454,0.432391,0.966006
mlaad,fake/mlaad_006_ElevenLabs-v3.wav,1,fake,ElevenLabs-v3,held_out,fake/en/ElevenLabs-v3/hunters_space_14_f000022.wav,native,0.149581,0.912376,0.991187,0.999993
mlaad,fake/mlaad_007_ElevenLabs-v3.wav,1,fake,ElevenLabs-v3,held_out,fake/en/ElevenLabs-v3/the_master_key_10_f000085.wav,native,0.2349,0.873109,0.997609,0.999907
mlaad,fake/mlaad_008_ElevenLabs-v3.wav,1,fake,ElevenLabs-v3,held_out,fake/en/ElevenLabs-v3/northandsouth_29_f000002.wav,native,0.15268,0.924053,0.998947,0.999998
mlaad,fake/mlaad_009_ElevenLabs-v3.wav,1,fake,ElevenLabs-v3,held_out,fake/en/ElevenLabs-v3/piratesofersatz_06_leinster_64kb_f000064.wav,native,0.179412,0.167126,0.128588,0.248433
mlaad,fake/mlaad_010_OpenAI_TTS-1_HD.wav,1,fake,OpenAI_TTS-1_HD,held_out,fake/en/OpenAI TTS-1 HD/poisoned_pen_10_f000166.wav,native,0.200069,0.593692,0.718294,0.999699
mlaad,fake/mlaad_011_OpenAI_TTS-1_HD.wav,1,fake,OpenAI_TTS-1_HD,held_out,fake/en/OpenAI TTS-1 HD/wives_and_daughters_60_f000330.wav,native,0.187653,0.46187,0.542653,0.912137
mlaad,fake/mlaad_012_OpenAI_TTS-1_HD.wav,1,fake,OpenAI_TTS-1_HD,held_out,fake/en/OpenAI TTS-1 HD/pink_fairy_book_12_f000220.wav,native,0.269926,0.851385,0.933191,0.999989
mlaad,fake/mlaad_013_OpenAI_TTS-1_HD.wav,1,fake,OpenAI_TTS-1_HD,held_out,fake/en/OpenAI TTS-1 HD/silent_bullet_12_f000119.wav,native,0.204419,0.46746,0.410893,0.804063
mlaad,fake/mlaad_014_OpenAI_TTS-1_HD.wav,1,fake,OpenAI_TTS-1_HD,held_out,fake/en/OpenAI TTS-1 HD/silent_bullet_12_f000202.wav,native,0.168675,0.365601,0.512618,0.00774
mlaad,fake/mlaad_015_OpenAI_TTS-1_HD.wav,1,fake,OpenAI_TTS-1_HD,held_out,fake/en/OpenAI TTS-1 HD/hunters_space_15_f000019.wav,native,0.199577,0.863863,0.974113,0.999999
mlaad,fake/mlaad_016_OpenAI_TTS-1_HD.wav,1,fake,OpenAI_TTS-1_HD,held_out,fake/en/OpenAI TTS-1 HD/rinkitink_baum_06_64kb_f000056.wav,native,0.288011,0.401411,0.501794,0.252835
mlaad,fake/mlaad_017_OpenAI_TTS-1_HD.wav,1,fake,OpenAI_TTS-1_HD,held_out,fake/en/OpenAI TTS-1 HD/emerald_city_of_oz_22_f000042.wav,native,0.396112,0.324503,0.375678,0.014585
mlaad,fake/mlaad_018_OpenAI_TTS-1_HD.wav,1,fake,OpenAI_TTS-1_HD,held_out,fake/en/OpenAI TTS-1 HD/jane_eyre_29_f000083.wav,native,0.095987,0.707607,0.848156,0.998695
mlaad,fake/mlaad_019_OpenAI_TTS-1_HD.wav,1,fake,OpenAI_TTS-1_HD,held_out,fake/en/OpenAI TTS-1 HD/northandsouth_08_f000137.wav,native,0.21335,0.391674,0.54218,0.982439
mlaad,fake/mlaad_020_suno_bark.wav,1,fake,suno_bark,seen_in_training,fake/en/suno_bark/northandsouth_35_f000034.wav,native,0.138931,0.395869,0.308871,0.990488
mlaad,fake/mlaad_021_suno_bark.wav,1,fake,suno_bark,seen_in_training,fake/en/suno_bark/poisoned_pen_01_f000049.wav,native,0.323527,0.469379,0.611165,0.972707
mlaad,fake/mlaad_022_suno_bark.wav,1,fake,suno_bark,seen_in_training,fake/en/suno_bark/midnight_passenger_02_f000200.wav,native,0.311044,0.736521,0.624285,0.999423
mlaad,fake/mlaad_023_suno_bark.wav,1,fake,suno_bark,seen_in_training,fake/en/suno_bark/wives_and_daughters_30_f000063.wav,native,0.470803,0.645801,0.435028,0.086256
mlaad,fake/mlaad_024_suno_bark.wav,1,fake,suno_bark,seen_in_training,fake/en/suno_bark/emerald_city_of_oz_06_f000020.wav,native,0.223113,0.644938,0.710559,0.999872
mlaad,fake/mlaad_025_suno_bark.wav,1,fake,suno_bark,seen_in_training,fake/en/suno_bark/wives_and_daughters_16_f000184.wav,native,0.64507,0.859431,0.818318,0.992871
mlaad,fake/mlaad_026_suno_bark.wav,1,fake,suno_bark,seen_in_training,fake/en/suno_bark/the_master_key_10_f000144.wav,native,0.408557,0.545173,0.52008,0.135227
mlaad,fake/mlaad_027_suno_bark.wav,1,fake,suno_bark,seen_in_training,fake/en/suno_bark/silent_bullet_10_f000128.wav,native,0.749861,0.891306,0.898968,0.857383
mlaad,fake/mlaad_028_suno_bark.wav,1,fake,suno_bark,seen_in_training,fake/en/suno_bark/silent_bullet_08_f000101.wav,native,0.295716,0.902578,0.971393,0.999987
mlaad,fake/mlaad_029_suno_bark.wav,1,fake,suno_bark,seen_in_training,fake/en/suno_bark/wives_and_daughters_44_f000039.wav,native,0.303872,0.410793,0.343749,0.01555
mlaad,fake/mlaad_030_tts_models_multilingual_multi-dataset_xtts_v2.wav,1,fake,tts_models_multilingual_multi-dataset_xtts_v2,seen_in_training,fake/en/tts_models_multilingual_multi-dataset_xtts_v2/wives_and_daughters_18_f000057.wav,native,0.109537,0.544443,0.905865,0.999787
mlaad,fake/mlaad_031_tts_models_multilingual_multi-dataset_xtts_v2.wav,1,fake,tts_models_multilingual_multi-dataset_xtts_v2,seen_in_training,fake/en/tts_models_multilingual_multi-dataset_xtts_v2/rinkitink_baum_04_64kb_f000021.wav,native,0.144741,0.222222,0.325948,0.926076
mlaad,fake/mlaad_032_tts_models_multilingual_multi-dataset_xtts_v2.wav,1,fake,tts_models_multilingual_multi-dataset_xtts_v2,seen_in_training,fake/en/tts_models_multilingual_multi-dataset_xtts_v2/jane_eyre_24_f000121.wav,native,0.190597,0.809527,0.99314,0.999999
mlaad,fake/mlaad_033_tts_models_multilingual_multi-dataset_xtts_v2.wav,1,fake,tts_models_multilingual_multi-dataset_xtts_v2,seen_in_training,fake/en/tts_models_multilingual_multi-dataset_xtts_v2/jane_eyre_13_f000187.wav,native,0.286974,0.477611,0.523364,0.988169
mlaad,fake/mlaad_034_tts_models_multilingual_multi-dataset_xtts_v2.wav,1,fake,tts_models_multilingual_multi-dataset_xtts_v2,seen_in_training,fake/en/tts_models_multilingual_multi-dataset_xtts_v2/jane_eyre_27_f000220.wav,native,0.269057,0.915031,0.985554,0.999999
mlaad,fake/mlaad_035_tts_models_multilingual_multi-dataset_xtts_v2.wav,1,fake,tts_models_multilingual_multi-dataset_xtts_v2,seen_in_training,fake/en/tts_models_multilingual_multi-dataset_xtts_v2/jane_eyre_34_f000238.wav,native,0.158577,0.78824,0.957581,0.999947
mlaad,fake/mlaad_036_tts_models_multilingual_multi-dataset_xtts_v2.wav,1,fake,tts_models_multilingual_multi-dataset_xtts_v2,seen_in_training,fake/en/tts_models_multilingual_multi-dataset_xtts_v2/wives_and_daughters_06_f000206.wav,native,0.332888,0.734968,0.994272,0.999536
mlaad,fake/mlaad_037_tts_models_multilingual_multi-dataset_xtts_v2.wav,1,fake,tts_models_multilingual_multi-dataset_xtts_v2,seen_in_training,fake/en/tts_models_multilingual_multi-dataset_xtts_v2/wives_and_daughters_18_f000114.wav,native,0.325974,0.479622,0.333921,0.138861
mlaad,fake/mlaad_038_tts_models_multilingual_multi-dataset_xtts_v2.wav,1,fake,tts_models_multilingual_multi-dataset_xtts_v2,seen_in_training,fake/en/tts_models_multilingual_multi-dataset_xtts_v2/wives_and_daughters_22_f000148.wav,native,0.404341,0.562379,0.693686,0.87942
mlaad,fake/mlaad_039_tts_models_multilingual_multi-dataset_xtts_v2.wav,1,fake,tts_models_multilingual_multi-dataset_xtts_v2,seen_in_training,fake/en/tts_models_multilingual_multi-dataset_xtts_v2/piratesofersatz_05_leinster_64kb_f000088.wav,native,0.365988,0.604948,0.398356,0.939793
mlaad,fake/mlaad_040_kokoro.wav,1,fake,kokoro,held_out,fake/en/kokoro/silent_bullet_11_f000056.wav,native,0.143216,0.848684,0.981464,0.99982
mlaad,fake/mlaad_041_kokoro.wav,1,fake,kokoro,held_out,fake/en/kokoro/wives_and_daughters_22_f000170.wav,native,0.122415,0.749352,0.988246,0.999994
mlaad,fake/mlaad_042_kokoro.wav,1,fake,kokoro,held_out,fake/en/kokoro/wives_and_daughters_35_f000276.wav,native,0.104979,0.377301,0.841956,0.989381
mlaad,fake/mlaad_043_kokoro.wav,1,fake,kokoro,held_out,fake/en/kokoro/the_sea_fairies_13_f000079.wav,native,0.173842,0.921642,0.998896,0.999917
mlaad,fake/mlaad_044_kokoro.wav,1,fake,kokoro,held_out,fake/en/kokoro/skyisland_14_baum_64kb_f000052.wav,native,0.269474,0.482618,0.712534,0.808608
mlaad,fake/mlaad_045_kokoro.wav,1,fake,kokoro,held_out,fake/en/kokoro/northandsouth_01_f000037.wav,native,0.12816,0.13061,0.158112,0.008442
mlaad,fake/mlaad_046_kokoro.wav,1,fake,kokoro,held_out,fake/en/kokoro/jane_eyre_15_f000141.wav,native,0.14836,0.544952,0.825369,0.999995
mlaad,fake/mlaad_047_kokoro.wav,1,fake,kokoro,held_out,fake/en/kokoro/hunters_space_07_f000015.wav,native,0.103731,0.454629,0.75864,0.99978
mlaad,fake/mlaad_048_kokoro.wav,1,fake,kokoro,held_out,fake/en/kokoro/wives_and_daughters_48_f000041.wav,native,0.253319,0.756041,0.823341,0.999875
mlaad,fake/mlaad_049_kokoro.wav,1,fake,kokoro,held_out,fake/en/kokoro/wives_and_daughters_17_f000058.wav,native,0.178044,0.438922,0.607651,0.999612
mlaad,fake/mlaad_050_f5-tts.wav,1,fake,f5-tts,held_out,fake/en/f5-tts/ozma_of_oz_10_f000096.wav,native,0.598775,0.884867,0.945252,0.998957
mlaad,fake/mlaad_051_f5-tts.wav,1,fake,f5-tts,held_out,fake/en/f5-tts/dorothy_and_wizard_oz_17_f000054.wav,native,0.315846,0.967732,0.999549,0.999958
mlaad,fake/mlaad_052_f5-tts.wav,1,fake,f5-tts,held_out,fake/en/f5-tts/jane_eyre_10_f000178.wav,native,0.414387,0.958138,0.994556,0.999995
mlaad,fake/mlaad_053_f5-tts.wav,1,fake,f5-tts,held_out,fake/en/f5-tts/rinkitink_baum_06_64kb_f000120.wav,native,0.305188,0.92398,0.998702,0.999972
mlaad,fake/mlaad_054_f5-tts.wav,1,fake,f5-tts,held_out,fake/en/f5-tts/the_master_key_20_f000130.wav,native,0.278762,0.969325,0.999782,0.99999
mlaad,fake/mlaad_055_f5-tts.wav,1,fake,f5-tts,held_out,fake/en/f5-tts/skyisland_30_baum_64kb_f000033.wav,native,0.222863,0.897576,0.988149,0.999997
mlaad,fake/mlaad_056_f5-tts.wav,1,fake,f5-tts,held_out,fake/en/f5-tts/jane_eyre_34_f000050.wav,native,0.32278,0.932143,0.994516,0.999999
mlaad,fake/mlaad_057_f5-tts.wav,1,fake,f5-tts,held_out,fake/en/f5-tts/silent_bullet_05_f000148.wav,native,0.285619,0.289184,0.396577,0.354089
mlaad,fake/mlaad_058_f5-tts.wav,1,fake,f5-tts,held_out,fake/en/f5-tts/wives_and_daughters_59_f000168.wav,native,0.23689,0.765353,0.890272,0.999994
mlaad,fake/mlaad_059_f5-tts.wav,1,fake,f5-tts,held_out,fake/en/f5-tts/jane_eyre_14_f000058.wav,native,0.224653,0.899725,0.989789,0.999997
mlaad,fake/mlaad_060_ChatTTS.wav,1,fake,ChatTTS,seen_in_training,fake/en/ChatTTS/jane_eyre_34_f000235.wav,native,0.658271,0.912795,0.985067,0.999068
mlaad,fake/mlaad_061_ChatTTS.wav,1,fake,ChatTTS,seen_in_training,fake/en/ChatTTS/jane_eyre_09_f000138.wav,native,0.500989,0.898279,0.903368,0.999719
mlaad,fake/mlaad_062_ChatTTS.wav,1,fake,ChatTTS,seen_in_training,fake/en/ChatTTS/jane_eyre_01_f000038.wav,native,0.314979,0.863862,0.980866,0.999986
mlaad,fake/mlaad_063_ChatTTS.wav,1,fake,ChatTTS,seen_in_training,fake/en/ChatTTS/skyisland_24_baum_64kb_f000072.wav,native,0.383977,0.642152,0.665661,0.923034
mlaad,fake/mlaad_064_ChatTTS.wav,1,fake,ChatTTS,seen_in_training,fake/en/ChatTTS/silent_bullet_05_f000224.wav,native,0.554916,0.638613,0.736036,0.975065
mlaad,fake/mlaad_065_ChatTTS.wav,1,fake,ChatTTS,seen_in_training,fake/en/ChatTTS/piratesofersatz_02_leinster_64kb_f000002.wav,native,0.623616,0.948809,0.99759,0.999965
mlaad,fake/mlaad_066_ChatTTS.wav,1,fake,ChatTTS,seen_in_training,fake/en/ChatTTS/northandsouth_17_f000038.wav,native,0.408973,0.951751,0.979942,0.999874
mlaad,fake/mlaad_067_ChatTTS.wav,1,fake,ChatTTS,seen_in_training,fake/en/ChatTTS/jane_eyre_27_f000298.wav,native,0.297416,0.842368,0.991145,0.999994
mlaad,fake/mlaad_068_ChatTTS.wav,1,fake,ChatTTS,seen_in_training,fake/en/ChatTTS/silent_bullet_06_f000051.wav,native,0.481471,0.981041,0.991056,0.999939
mlaad,fake/mlaad_069_ChatTTS.wav,1,fake,ChatTTS,seen_in_training,fake/en/ChatTTS/piratesofersatz_03_leinster_64kb_f000002.wav,native,0.60935,0.97847,0.998821,0.999788
mlaad,fake/mlaad_070_Gemini-3.1-Flash-TTS.wav,1,fake,Gemini-3.1-Flash-TTS,held_out,fake/en/Gemini-3.1-Flash-TTS/jane_eyre_27_f000324.wav,native,0.183585,0.83523,0.956579,0.999956
mlaad,fake/mlaad_071_Gemini-3.1-Flash-TTS.wav,1,fake,Gemini-3.1-Flash-TTS,held_out,fake/en/Gemini-3.1-Flash-TTS/wives_and_daughters_43_f000077.wav,native,0.16795,0.343625,0.165351,0.0032
mlaad,fake/mlaad_072_Gemini-3.1-Flash-TTS.wav,1,fake,Gemini-3.1-Flash-TTS,held_out,fake/en/Gemini-3.1-Flash-TTS/wives_and_daughters_53_f000128.wav,native,0.175476,0.270581,0.136762,0.064565
mlaad,fake/mlaad_073_Gemini-3.1-Flash-TTS.wav,1,fake,Gemini-3.1-Flash-TTS,held_out,fake/en/Gemini-3.1-Flash-TTS/emerald_city_of_oz_15_f000062.wav,native,0.076642,0.23723,0.271171,0.687805
mlaad,fake/mlaad_074_Gemini-3.1-Flash-TTS.wav,1,fake,Gemini-3.1-Flash-TTS,held_out,fake/en/Gemini-3.1-Flash-TTS/emerald_city_of_oz_03_f000065.wav,native,0.201067,0.346286,0.197063,0.001482
mlaad,fake/mlaad_075_Gemini-3.1-Flash-TTS.wav,1,fake,Gemini-3.1-Flash-TTS,held_out,fake/en/Gemini-3.1-Flash-TTS/rinkitink_baum_13_64kb_f000032.wav,native,0.175446,0.820295,0.958122,0.99996
mlaad,fake/mlaad_076_Gemini-3.1-Flash-TTS.wav,1,fake,Gemini-3.1-Flash-TTS,held_out,fake/en/Gemini-3.1-Flash-TTS/dorothy_and_wizard_oz_12_f000085.wav,native,0.155796,0.749288,0.826943,0.998823
mlaad,fake/mlaad_077_Gemini-3.1-Flash-TTS.wav,1,fake,Gemini-3.1-Flash-TTS,held_out,fake/en/Gemini-3.1-Flash-TTS/poisoned_pen_04_f000074.wav,native,0.181399,0.773875,0.811109,0.99916
mlaad,fake/mlaad_078_Gemini-3.1-Flash-TTS.wav,1,fake,Gemini-3.1-Flash-TTS,held_out,fake/en/Gemini-3.1-Flash-TTS/northandsouth_28_f000086.wav,native,0.088021,0.726787,0.979696,0.99999
mlaad,fake/mlaad_079_Gemini-3.1-Flash-TTS.wav,1,fake,Gemini-3.1-Flash-TTS,held_out,fake/en/Gemini-3.1-Flash-TTS/skyisland_09_baum_64kb_f000069.wav,native,0.173654,0.388732,0.538473,0.328131
mlaad,fake/mlaad_080_sesame_csm.wav,1,fake,sesame_csm,held_out,fake/en/sesame_csm/jane_eyre_19_f000119.wav,native,0.685392,0.922413,0.947506,0.989272
mlaad,fake/mlaad_081_sesame_csm.wav,1,fake,sesame_csm,held_out,fake/en/sesame_csm/jane_eyre_29_f000106.wav,native,0.589474,0.714546,0.396112,0.085588
mlaad,fake/mlaad_082_sesame_csm.wav,1,fake,sesame_csm,held_out,fake/en/sesame_csm/poisoned_pen_10_f000335.wav,native,0.205287,0.573438,0.678488,0.798916
mlaad,fake/mlaad_083_sesame_csm.wav,1,fake,sesame_csm,held_out,fake/en/sesame_csm/piratesofersatz_10_leinster_64kb_f000175.wav,native,0.460505,0.473884,0.691231,0.460006
mlaad,fake/mlaad_084_sesame_csm.wav,1,fake,sesame_csm,held_out,fake/en/sesame_csm/ozma_of_oz_07_f000077.wav,native,0.293393,0.802421,0.939471,0.999941
mlaad,fake/mlaad_085_sesame_csm.wav,1,fake,sesame_csm,held_out,fake/en/sesame_csm/jane_eyre_32_f000126.wav,native,0.260874,0.485473,0.669409,0.99405
mlaad,fake/mlaad_086_sesame_csm.wav,1,fake,sesame_csm,held_out,fake/en/sesame_csm/wives_and_daughters_13_f000098.wav,native,0.251274,0.706143,0.799825,0.999964
mlaad,fake/mlaad_087_sesame_csm.wav,1,fake,sesame_csm,held_out,fake/en/sesame_csm/dorothy_and_wizard_oz_08_f000064.wav,native,0.660199,0.976307,0.998381,0.999998
mlaad,fake/mlaad_088_sesame_csm.wav,1,fake,sesame_csm,held_out,fake/en/sesame_csm/midnight_passenger_04_f000075.wav,native,0.312393,0.657124,0.685863,0.979033
mlaad,fake/mlaad_089_sesame_csm.wav,1,fake,sesame_csm,held_out,fake/en/sesame_csm/wives_and_daughters_05_f000098.wav,native,0.233435,0.518108,0.538522,0.786406
mlaad,fake/mlaad_090_MeloTTS.wav,1,fake,MeloTTS,seen_in_training,fake/en/MeloTTS/jane_eyre_12_f000206.wav,native,0.27939,0.571487,0.652736,0.999938
mlaad,fake/mlaad_091_MeloTTS.wav,1,fake,MeloTTS,seen_in_training,fake/en/MeloTTS/jane_eyre_21_f000408.wav,native,0.570402,0.98263,0.997104,0.999966
mlaad,fake/mlaad_092_MeloTTS.wav,1,fake,MeloTTS,seen_in_training,fake/en/MeloTTS/wives_and_daughters_08_f000246.wav,native,0.206215,0.795465,0.969267,1.0
mlaad,fake/mlaad_093_MeloTTS.wav,1,fake,MeloTTS,seen_in_training,fake/en/MeloTTS/jane_eyre_14_f000020.wav,native,0.46487,0.919665,0.949869,0.992199
mlaad,fake/mlaad_094_MeloTTS.wav,1,fake,MeloTTS,seen_in_training,fake/en/MeloTTS/northandsouth_42_f000007.wav,native,0.407242,0.980144,0.999623,0.999981
mlaad,fake/mlaad_095_MeloTTS.wav,1,fake,MeloTTS,seen_in_training,fake/en/MeloTTS/pink_fairy_book_16_f000019.wav,native,0.125087,0.710129,0.965094,0.999999
mlaad,fake/mlaad_096_MeloTTS.wav,1,fake,MeloTTS,seen_in_training,fake/en/MeloTTS/rinkitink_baum_05_64kb_f000058.wav,native,0.646875,0.749725,0.925687,0.742898
mlaad,fake/mlaad_097_MeloTTS.wav,1,fake,MeloTTS,seen_in_training,fake/en/MeloTTS/the_sea_fairies_15_f000137.wav,native,0.22251,0.910067,0.997564,0.999996
mlaad,fake/mlaad_098_MeloTTS.wav,1,fake,MeloTTS,seen_in_training,fake/en/MeloTTS/the_master_key_12_f000014.wav,native,0.294403,0.282939,0.368579,0.200167
mlaad,fake/mlaad_099_MeloTTS.wav,1,fake,MeloTTS,seen_in_training,fake/en/MeloTTS/the_master_key_03_f000022.wav,native,0.177454,0.578523,0.638702,0.999977
in_the_wild,real/real_000.wav,0,real,Bernie Sanders,,26006.wav,native,0.37497,0.902102,0.999739,0.99956
in_the_wild,real/real_001.wav,0,real,Richard Nixon,,28234.wav,native,0.345016,0.873346,0.929973,0.999934
in_the_wild,real/real_002.wav,0,real,Ayn Rand,,6707.wav,native,0.595249,0.900057,0.999916,0.999507
in_the_wild,real/real_003.wav,0,real,Barack Obama,,10962.wav,native,0.255532,0.808702,0.677757,0.999263
in_the_wild,real/real_004.wav,0,real,Nick Offerman,,30572.wav,native,0.276122,0.487734,0.909792,0.99978
in_the_wild,real/real_005.wav,0,real,Bill Clinton,,4769.wav,native,0.378751,0.95521,0.996615,0.999767
in_the_wild,real/real_006.wav,0,real,Bill Clinton,,21912.wav,native,0.271864,0.901177,0.984775,0.999993
in_the_wild,real/real_007.wav,0,real,Donald Trump,,10334.wav,native,0.280064,0.423196,0.335229,0.004425
in_the_wild,real/real_008.wav,0,real,Barack Obama,,12479.wav,native,0.184865,0.826436,0.953795,0.999919
in_the_wild,real/real_009.wav,0,real,Barack Obama,,20905.wav,native,0.268252,0.318178,0.18582,0.000582
in_the_wild,real/real_010.wav,0,real,Donald Trump,,10311.wav,native,0.31375,0.951679,0.999797,0.999868
in_the_wild,real/real_011.wav,0,real,Barack Obama,,9455.wav,native,0.211614,0.90205,0.996243,0.999691
in_the_wild,real/real_012.wav,0,real,Donald Trump,,24146.wav,native,0.211334,0.865623,0.99952,0.999687
in_the_wild,real/real_013.wav,0,real,Louis Farrakhan,,1542.wav,native,0.358849,0.731577,0.733956,0.922153
in_the_wild,real/real_014.wav,0,real,Christopher Hitchens,,26162.wav,native,0.3869,0.930315,0.965398,0.999927
in_the_wild,real/real_015.wav,0,real,Calvin Coolidge,,12029.wav,native,0.589752,0.973903,0.997064,0.999928
in_the_wild,real/real_016.wav,0,real,Barack Obama,,31368.wav,native,0.186869,0.911843,0.997156,0.99999
in_the_wild,real/real_017.wav,0,real,Richard Nixon,,6314.wav,native,0.259422,0.789718,0.891831,0.999981
in_the_wild,real/real_018.wav,0,real,Alec Guinness,,7243.wav,native,0.387969,0.975058,0.999558,0.999621
in_the_wild,real/real_019.wav,0,real,Ronald Reagan,,30999.wav,native,0.250032,0.953121,0.992094,0.999996
in_the_wild,real/real_020.wav,0,real,Ronald Reagan,,17450.wav,native,0.304828,0.892327,0.962392,0.999928
in_the_wild,real/real_021.wav,0,real,Ayn Rand,,7272.wav,native,0.579882,0.959927,0.986713,0.999997
in_the_wild,real/real_022.wav,0,real,Bill Clinton,,26546.wav,native,0.453352,0.827488,0.757837,0.999493
in_the_wild,real/real_023.wav,0,real,Bernie Sanders,,12623.wav,native,0.290049,0.965215,0.997944,0.999997
in_the_wild,real/real_024.wav,0,real,Mark Zuckerberg,,4359.wav,native,0.29364,0.948713,0.984836,0.999984
in_the_wild,real/real_025.wav,0,real,Milton Friedman,,6149.wav,native,0.278475,0.965078,0.99636,0.999991
in_the_wild,real/real_026.wav,0,real,Barack Obama,,4820.wav,native,0.189022,0.874923,0.999472,0.999726
in_the_wild,real/real_027.wav,0,real,Louis Farrakhan,,7232.wav,native,0.561209,0.719352,0.521531,0.594437
in_the_wild,real/real_028.wav,0,real,Ronald Reagan,,24361.wav,native,0.341287,0.905341,0.981119,0.999891
in_the_wild,real/real_029.wav,0,real,Martin Luther King,,11217.wav,native,0.520182,0.964451,0.982558,0.999858
in_the_wild,real/real_030.wav,0,real,Milton Friedman,,7651.wav,native,0.19782,0.944156,0.998447,0.999997
in_the_wild,real/real_031.wav,0,real,Bernie Sanders,,9896.wav,native,0.123193,0.861117,0.995233,0.999839
in_the_wild,real/real_032.wav,0,real,Arnold Schwarzenegger,,19471.wav,native,0.165892,0.928891,0.994554,0.999871
in_the_wild,real/real_033.wav,0,real,Barack Obama,,18709.wav,native,0.229482,0.547139,0.446478,0.947288
in_the_wild,real/real_034.wav,0,real,Donald Trump,,26158.wav,native,0.32831,0.976844,0.999182,0.999912
in_the_wild,real/real_035.wav,0,real,Ayn Rand,,14455.wav,native,0.40391,0.94676,0.990007,0.999983
in_the_wild,real/real_036.wav,0,real,2Pac,,22.wav,native,0.575682,0.975484,0.997165,0.999911
in_the_wild,real/real_037.wav,0,real,Queen Elizabeth II,,13660.wav,native,0.255518,0.908357,0.909187,0.999945
in_the_wild,real/real_038.wav,0,real,Ronald Reagan,,3266.wav,native,0.405229,0.95514,0.976134,0.999956
in_the_wild,real/real_039.wav,0,real,Donald Trump,,13473.wav,native,0.270458,0.902368,0.96066,0.999992
in_the_wild,real/real_040.wav,0,real,Alec Guinness,,18033.wav,native,0.216966,0.701895,0.617323,0.984223
in_the_wild,real/real_041.wav,0,real,Donald Trump,,7753.wav,native,0.159116,0.877927,0.980423,0.999311
in_the_wild,real/real_042.wav,0,real,Barack Obama,,18870.wav,native,0.202389,0.612991,0.971406,0.998084
in_the_wild,real/real_043.wav,0,real,Bill Clinton,,26654.wav,native,0.216265,0.942525,0.998203,0.999996
in_the_wild,real/real_044.wav,0,real,Alexandria Ocasio-Cortez,,3943.wav,native,0.224347,0.746543,0.990843,0.999834
in_the_wild,real/real_045.wav,0,real,Barack Obama,,28484.wav,native,0.21448,0.906431,0.975116,0.999997
in_the_wild,real/real_046.wav,0,real,Barack Obama,,27266.wav,native,0.467441,0.971502,0.990148,0.999904
in_the_wild,real/real_047.wav,0,real,Harry Truman,,7976.wav,native,0.358243,0.847654,0.857848,0.994838
in_the_wild,real/real_048.wav,0,real,Calvin Coolidge,,24259.wav,native,0.482051,0.937971,0.98617,0.999874
in_the_wild,real/real_049.wav,0,real,Donald Trump,,16816.wav,native,0.163232,0.751466,0.877336,0.999972
in_the_wild,real/real_050.wav,0,real,Barack Obama,,3170.wav,native,0.114076,0.288889,0.051113,0.999775
in_the_wild,real/real_051.wav,0,real,Ronald Reagan,,6476.wav,native,0.3428,0.876159,0.940772,0.999982
in_the_wild,real/real_052.wav,0,real,Winston Churchill,,28483.wav,native,0.260403,0.901003,0.999157,0.99996
in_the_wild,real/real_053.wav,0,real,Barack Obama,,24017.wav,native,0.641621,0.954887,0.91836,0.998921
in_the_wild,real/real_054.wav,0,real,John Cleese,,6150.wav,native,0.413323,0.924295,0.938999,0.999956
in_the_wild,real/real_055.wav,0,real,Nick Offerman,,24925.wav,native,0.559868,0.908674,0.924409,0.999849
in_the_wild,real/real_056.wav,0,real,Christopher Hitchens,,4392.wav,native,0.43643,0.611502,0.370975,0.029393
in_the_wild,real/real_057.wav,0,real,Ayn Rand,,6899.wav,native,0.2754,0.930012,0.995985,0.999998
in_the_wild,real/real_058.wav,0,real,George Carlin,,16058.wav,native,0.480135,0.431213,0.381986,0.006666
in_the_wild,real/real_059.wav,0,real,Barack Obama,,5148.wav,native,0.32854,0.881567,0.995025,0.999856
in_the_wild,real/real_060.wav,0,real,Louis Farrakhan,,7370.wav,native,0.222232,0.969236,0.999802,0.99996
in_the_wild,real/real_061.wav,0,real,Donald Trump,,20881.wav,native,0.26922,0.780742,0.894743,0.99994
in_the_wild,real/real_062.wav,0,real,George Carlin,,25279.wav,native,0.415354,0.969488,0.970079,0.999887
in_the_wild,real/real_063.wav,0,real,Alec Guinness,,1884.wav,native,0.241734,0.936579,0.99498,0.999996
in_the_wild,real/real_064.wav,0,real,JFK,,15159.wav,native,0.205212,0.912415,0.991781,0.999982
in_the_wild,real/real_065.wav,0,real,Barack Obama,,16885.wav,native,0.173973,0.922858,0.993558,0.999998
in_the_wild,real/real_066.wav,0,real,Winston Churchill,,13007.wav,native,0.459483,0.974618,0.99895,0.999999
in_the_wild,real/real_067.wav,0,real,Bernie Sanders,,20354.wav,native,0.194261,0.953943,0.999425,0.999981
in_the_wild,real/real_068.wav,0,real,Nick Offerman,,16257.wav,native,0.204383,0.919987,0.983573,0.999241
in_the_wild,real/real_069.wav,0,real,Barack Obama,,23676.wav,native,0.237171,0.928665,0.986015,0.999983
in_the_wild,real/real_070.wav,0,real,Ronald Reagan,,22183.wav,native,0.220793,0.960006,0.99247,0.999931
in_the_wild,real/real_071.wav,0,real,Donald Trump,,23519.wav,native,0.470434,0.987123,0.999342,0.999998
in_the_wild,real/real_072.wav,0,real,Bernie Sanders,,26732.wav,native,0.518042,0.855176,0.658329,0.9983
in_the_wild,real/real_073.wav,0,real,Barack Obama,,6531.wav,native,0.355686,0.950539,0.952186,0.999894
in_the_wild,real/real_074.wav,0,real,Ronald Reagan,,30850.wav,native,0.494069,0.963069,0.993459,0.99998
in_the_wild,real/real_075.wav,0,real,Barack Obama,,2450.wav,native,0.32281,0.892417,0.903082,0.999761
in_the_wild,real/real_076.wav,0,real,Bill Clinton,,15684.wav,native,0.2285,0.899617,0.888058,0.999811
in_the_wild,real/real_077.wav,0,real,Ayn Rand,,19306.wav,native,0.506911,0.908184,0.99973,0.999871
in_the_wild,real/real_078.wav,0,real,Donald Trump,,10854.wav,native,0.246656,0.934922,0.987686,0.999959
in_the_wild,real/real_079.wav,0,real,Barack Obama,,28884.wav,native,0.382686,0.913052,0.980579,0.999952
in_the_wild,real/real_080.wav,0,real,Barack Obama,,14522.wav,native,0.338978,0.947106,0.993721,0.999971
in_the_wild,real/real_081.wav,0,real,George W. Bush,,6102.wav,native,0.265665,0.937088,0.96478,0.99972
in_the_wild,real/real_082.wav,0,real,Donald Trump,,21650.wav,native,0.285549,0.979102,0.998851,0.999997
in_the_wild,real/real_083.wav,0,real,Alec Guinness,,5469.wav,native,0.418179,0.92107,0.969156,0.998905
in_the_wild,real/real_084.wav,0,real,Donald Trump,,23856.wav,native,0.137883,0.867715,0.988337,0.99756
in_the_wild,real/real_085.wav,0,real,Donald Trump,,22855.wav,native,0.199722,0.956216,0.992815,0.999938
in_the_wild,real/real_086.wav,0,real,Martin Luther King,,28258.wav,native,0.436273,0.966797,0.939465,0.999661
in_the_wild,real/real_087.wav,0,real,Donald Trump,,714.wav,native,0.096733,0.899645,0.998191,0.999999
in_the_wild,real/real_088.wav,0,real,Winston Churchill,,30552.wav,native,0.417877,0.957752,0.985708,0.999982
in_the_wild,real/real_089.wav,0,real,Donald Trump,,906.wav,native,0.227247,0.788183,0.821316,0.999066
in_the_wild,real/real_090.wav,0,real,Bernie Sanders,,2890.wav,native,0.434723,0.965082,0.991081,0.999966
in_the_wild,real/real_091.wav,0,real,Donald Trump,,27969.wav,native,0.269164,0.907502,0.958212,0.999857
in_the_wild,real/real_092.wav,0,real,Jeff Goldblum,,3595.wav,native,0.38348,0.94794,0.973579,0.999928
in_the_wild,real/real_093.wav,0,real,Alec Guinness,,9701.wav,native,0.210228,0.830602,0.999033,0.999636
in_the_wild,real/real_094.wav,0,real,Bernie Sanders,,6035.wav,native,0.147944,0.926397,0.999423,0.999913
in_the_wild,real/real_095.wav,0,real,Louis Farrakhan,,24669.wav,native,0.350015,0.874007,0.83926,0.999178
in_the_wild,real/real_096.wav,0,real,Ayn Rand,,18653.wav,native,0.33569,0.945376,0.989431,0.999981
in_the_wild,real/real_097.wav,0,real,Bernie Sanders,,7318.wav,native,0.2084,0.755124,0.547098,0.998863
in_the_wild,real/real_098.wav,0,real,Ayn Rand,,24695.wav,native,0.18661,0.906038,0.994383,0.999998
in_the_wild,real/real_099.wav,0,real,Donald Trump,,5433.wav,native,0.231647,0.933757,0.974784,0.999973
in_the_wild,fake/fake_000.wav,1,fake,Alec Guinness,,12749.wav,native,0.562292,0.917959,0.977432,0.999999
in_the_wild,fake/fake_001.wav,1,fake,Ronald Reagan,,13683.wav,native,0.506766,0.956478,0.940368,0.999913
in_the_wild,fake/fake_002.wav,1,fake,Christopher Hitchens,,9285.wav,native,0.498733,0.974624,0.997198,0.999976
in_the_wild,fake/fake_003.wav,1,fake,Alec Guinness,,31661.wav,native,0.27261,0.912606,0.95131,0.999994
in_the_wild,fake/fake_004.wav,1,fake,Alec Guinness,,13782.wav,native,0.833673,0.877212,0.880424,0.995352
in_the_wild,fake/fake_005.wav,1,fake,Bill Clinton,,23910.wav,native,0.506985,0.951982,0.995288,0.999996
in_the_wild,fake/fake_006.wav,1,fake,Louis C.K.,,512.wav,native,0.750472,0.966056,0.996019,0.999964
in_the_wild,fake/fake_007.wav,1,fake,The Notorious B.I.G.,,9173.wav,native,0.590462,0.97561,0.997456,0.999894
in_the_wild,fake/fake_008.wav,1,fake,Ayn Rand,,23167.wav,native,0.654308,0.860273,0.877771,0.955708
in_the_wild,fake/fake_009.wav,1,fake,JFK,,8663.wav,native,0.757701,0.944263,0.938599,0.973318
in_the_wild,fake/fake_010.wav,1,fake,Louis C.K.,,30069.wav,native,0.897716,0.879732,0.980937,0.99866
in_the_wild,fake/fake_011.wav,1,fake,Ronald Reagan,,14981.wav,native,0.559637,0.988248,0.997649,0.999928
in_the_wild,fake/fake_012.wav,1,fake,Ayn Rand,,2297.wav,native,0.248096,0.956125,0.997446,0.999999
in_the_wild,fake/fake_013.wav,1,fake,Bernie Sanders,,17240.wav,native,0.631918,0.970387,0.998964,0.999994
in_the_wild,fake/fake_014.wav,1,fake,Bernie Sanders,,495.wav,native,0.426871,0.88396,0.911983,0.999803
in_the_wild,fake/fake_015.wav,1,fake,Christopher Hitchens,,6078.wav,native,0.617797,0.529273,0.584765,0.140656
in_the_wild,fake/fake_016.wav,1,fake,Winston Churchill,,5942.wav,native,0.886164,0.953839,0.98814,0.989195
in_the_wild,fake/fake_017.wav,1,fake,2Pac,,25669.wav,native,0.491633,0.957948,0.997408,0.9999
in_the_wild,fake/fake_018.wav,1,fake,Bernie Sanders,,24872.wav,native,0.443942,0.96204,0.988158,0.999986
in_the_wild,fake/fake_019.wav,1,fake,Milton Friedman,,21742.wav,native,0.602866,0.924843,0.980832,0.999929
in_the_wild,fake/fake_020.wav,1,fake,The Notorious B.I.G.,,15786.wav,native,0.052399,0.195327,0.649511,0.999185
in_the_wild,fake/fake_021.wav,1,fake,Nelson Mandela,,16259.wav,native,0.221702,0.950187,0.998273,0.999801
in_the_wild,fake/fake_022.wav,1,fake,Bill Clinton,,17031.wav,native,0.177299,0.924249,0.997638,0.999981
in_the_wild,fake/fake_023.wav,1,fake,Orson Welles,,23343.wav,native,0.801772,0.993923,0.999938,0.99999
in_the_wild,fake/fake_024.wav,1,fake,Christopher Hitchens,,20045.wav,native,0.692155,0.990693,0.998947,0.999996
in_the_wild,fake/fake_025.wav,1,fake,Alec Guinness,,12463.wav,native,0.568253,0.976328,0.995156,0.999962
in_the_wild,fake/fake_026.wav,1,fake,Bill Clinton,,20200.wav,native,0.441807,0.974267,0.999796,0.999801
in_the_wild,fake/fake_027.wav,1,fake,The Notorious B.I.G.,,10340.wav,native,0.321957,0.916756,0.998601,0.999734
in_the_wild,fake/fake_028.wav,1,fake,Alec Guinness,,23104.wav,native,0.761892,0.701441,0.847413,0.992876
in_the_wild,fake/fake_029.wav,1,fake,Barack Obama,,28280.wav,native,0.394833,0.911755,0.971692,0.999727
in_the_wild,fake/fake_030.wav,1,fake,Alec Guinness,,28096.wav,native,0.656223,0.970522,0.997576,0.999612
in_the_wild,fake/fake_031.wav,1,fake,Ayn Rand,,12989.wav,native,0.345274,0.895198,0.960611,0.999983
in_the_wild,fake/fake_032.wav,1,fake,Kamala Harris,,9363.wav,native,0.159439,0.808922,0.996386,0.999854
in_the_wild,fake/fake_033.wav,1,fake,Winston Churchill,,26218.wav,native,0.246001,0.745082,0.979438,0.999616
in_the_wild,fake/fake_034.wav,1,fake,Alec Guinness,,26026.wav,native,0.721554,0.967136,0.986512,0.999913
in_the_wild,fake/fake_035.wav,1,fake,Jimmy Carter,,10587.wav,native,0.648158,0.946983,0.947619,0.999809
in_the_wild,fake/fake_036.wav,1,fake,Louis Farrakhan,,30464.wav,native,0.582539,0.921663,0.900157,0.999079
in_the_wild,fake/fake_037.wav,1,fake,Bill Clinton,,5783.wav,native,0.173277,0.928331,0.998655,0.999992
in_the_wild,fake/fake_038.wav,1,fake,Alec Guinness,,12145.wav,native,0.656562,0.990654,0.998918,0.999909
in_the_wild,fake/fake_039.wav,1,fake,Bill Clinton,,14482.wav,native,0.235862,0.952882,0.995133,0.999348
in_the_wild,fake/fake_040.wav,1,fake,Mark Zuckerberg,,445.wav,native,0.389328,0.917862,0.999425,0.999933
in_the_wild,fake/fake_041.wav,1,fake,Alan Watts,,14795.wav,native,0.369928,0.985526,0.999764,0.999967
in_the_wild,fake/fake_042.wav,1,fake,Mark Zuckerberg,,30337.wav,native,0.794042,0.782407,0.831646,0.55026
in_the_wild,fake/fake_043.wav,1,fake,Bill Clinton,,11790.wav,native,0.372228,0.954582,0.989567,0.999988
in_the_wild,fake/fake_044.wav,1,fake,Alec Guinness,,399.wav,native,0.658558,0.692974,0.751201,0.480393
in_the_wild,fake/fake_045.wav,1,fake,Alan Watts,,12027.wav,native,0.832326,0.904432,0.89611,0.903704
in_the_wild,fake/fake_046.wav,1,fake,Bernie Sanders,,22438.wav,native,0.355067,0.966447,0.989912,0.999969
in_the_wild,fake/fake_047.wav,1,fake,Bernie Sanders,,26989.wav,native,0.606777,0.989576,0.999166,0.999925
in_the_wild,fake/fake_048.wav,1,fake,Ronald Reagan,,26793.wav,native,0.398339,0.908624,0.949108,0.999986
in_the_wild,fake/fake_049.wav,1,fake,Ayn Rand,,9679.wav,native,0.341066,0.940229,0.994246,0.999981
in_the_wild,fake/fake_050.wav,1,fake,Ayn Rand,,18946.wav,native,0.23543,0.921389,0.964152,0.999951
in_the_wild,fake/fake_051.wav,1,fake,Alan Watts,,11096.wav,native,0.65973,0.890444,0.878244,0.995831
in_the_wild,fake/fake_052.wav,1,fake,Bernie Sanders,,651.wav,native,0.462316,0.639636,0.644799,0.762631
in_the_wild,fake/fake_053.wav,1,fake,Alec Guinness,,9389.wav,native,0.741243,0.887122,0.980473,0.914506
in_the_wild,fake/fake_054.wav,1,fake,Ayn Rand,,18573.wav,native,0.480301,0.963641,0.995933,0.999893
in_the_wild,fake/fake_055.wav,1,fake,Adam Driver,,29560.wav,native,0.328551,0.961438,0.981912,0.999831
in_the_wild,fake/fake_056.wav,1,fake,Milton Friedman,,3713.wav,native,0.324119,0.957075,0.995526,0.999999
in_the_wild,fake/fake_057.wav,1,fake,Alec Guinness,,13927.wav,native,0.710851,0.660551,0.667806,0.981508
in_the_wild,fake/fake_058.wav,1,fake,The Notorious B.I.G.,,3858.wav,native,0.679053,0.97779,0.999939,0.999241
in_the_wild,fake/fake_059.wav,1,fake,Mr. Rogers,,6250.wav,native,0.691345,0.974082,0.998886,0.999311
in_the_wild,fake/fake_060.wav,1,fake,Mark Zuckerberg,,9315.wav,native,0.638116,0.843333,0.82021,0.998075
in_the_wild,fake/fake_061.wav,1,fake,Alec Guinness,,5463.wav,native,0.561399,0.799638,0.866238,0.99987
in_the_wild,fake/fake_062.wav,1,fake,Ronald Reagan,,28844.wav,native,0.569774,0.905146,0.913172,0.999985
in_the_wild,fake/fake_063.wav,1,fake,Nelson Mandela,,25773.wav,native,0.421546,0.953332,0.934272,0.999954
in_the_wild,fake/fake_064.wav,1,fake,Alec Guinness,,16489.wav,native,0.75071,0.759839,0.929753,0.999647
in_the_wild,fake/fake_065.wav,1,fake,Bill Clinton,,5686.wav,native,0.475592,0.989289,0.999938,0.999991
in_the_wild,fake/fake_066.wav,1,fake,Alec Guinness,,15454.wav,native,0.434656,0.950346,0.951036,0.999979
in_the_wild,fake/fake_067.wav,1,fake,Louis Farrakhan,,13543.wav,native,0.308598,0.952842,0.96867,0.999652
in_the_wild,fake/fake_068.wav,1,fake,Boris Johnson,,1753.wav,native,0.703905,0.992216,0.99967,0.999912
in_the_wild,fake/fake_069.wav,1,fake,Dwight Eisenhower,,30704.wav,native,0.246689,0.928976,0.993185,1.0
in_the_wild,fake/fake_070.wav,1,fake,Norm MacDonald,,26198.wav,native,0.298101,0.95598,0.987355,0.999999
in_the_wild,fake/fake_071.wav,1,fake,Christopher Hitchens,,19487.wav,native,0.618143,0.947638,0.971788,0.999978
in_the_wild,fake/fake_072.wav,1,fake,Tucker Carlson,,6033.wav,native,0.202686,0.950482,0.996736,0.999989
in_the_wild,fake/fake_073.wav,1,fake,Bernie Sanders,,464.wav,native,0.532462,0.904798,0.895847,0.999953
in_the_wild,fake/fake_074.wav,1,fake,Bernie Sanders,,15144.wav,native,0.379895,0.936535,0.98507,0.999982
in_the_wild,fake/fake_075.wav,1,fake,Ayn Rand,,27975.wav,native,0.378421,0.944025,0.997084,0.999998
in_the_wild,fake/fake_076.wav,1,fake,Queen Elizabeth II,,4710.wav,native,0.418154,0.982006,0.997074,0.999984
in_the_wild,fake/fake_077.wav,1,fake,William F. Buckley,,28797.wav,native,0.787205,0.985896,0.999843,0.99989
in_the_wild,fake/fake_078.wav,1,fake,Winston Churchill,,21170.wav,native,0.642131,0.989135,0.998256,0.999896
in_the_wild,fake/fake_079.wav,1,fake,Bob Ross,,15487.wav,native,0.666855,0.986201,0.993647,0.999777
in_the_wild,fake/fake_080.wav,1,fake,Calvin Coolidge,,18069.wav,native,0.897161,0.929921,0.989897,0.990691
in_the_wild,fake/fake_081.wav,1,fake,Bernie Sanders,,1886.wav,native,0.378802,0.92912,0.939456,0.999986
in_the_wild,fake/fake_082.wav,1,fake,Ayn Rand,,7464.wav,native,0.470934,0.935001,0.994014,0.999412
in_the_wild,fake/fake_083.wav,1,fake,Mark Zuckerberg,,20249.wav,native,0.900366,0.886915,0.91725,0.997757
in_the_wild,fake/fake_084.wav,1,fake,Alec Guinness,,15726.wav,native,0.549657,0.975266,0.997957,0.999438
in_the_wild,fake/fake_085.wav,1,fake,Richard Nixon,,30339.wav,native,0.819759,0.961478,0.997414,0.995013
in_the_wild,fake/fake_086.wav,1,fake,Mark Zuckerberg,,24765.wav,native,0.594535,0.892507,0.763092,0.997985
in_the_wild,fake/fake_087.wav,1,fake,Orson Welles,,26436.wav,native,0.795907,0.844778,0.949723,0.991903
in_the_wild,fake/fake_088.wav,1,fake,Alexandria Ocasio-Cortez,,3833.wav,native,0.36443,0.564476,0.51986,0.755975
in_the_wild,fake/fake_089.wav,1,fake,Christopher Hitchens,,29888.wav,native,0.493924,0.898568,0.972623,0.999921
in_the_wild,fake/fake_090.wav,1,fake,Kanye West,,1882.wav,native,0.914285,0.895356,0.968891,0.999928
in_the_wild,fake/fake_091.wav,1,fake,The Notorious B.I.G.,,21536.wav,native,0.418821,0.954528,0.999848,0.999958
in_the_wild,fake/fake_092.wav,1,fake,Ronald Reagan,,23419.wav,native,0.625198,0.879705,0.863824,0.99971
in_the_wild,fake/fake_093.wav,1,fake,Bernie Sanders,,13572.wav,native,0.61573,0.902831,0.927421,0.99998
in_the_wild,fake/fake_094.wav,1,fake,Alan Watts,,29231.wav,native,0.455352,0.965454,0.998592,0.999839
in_the_wild,fake/fake_095.wav,1,fake,Dwight Eisenhower,,8989.wav,native,0.237102,0.962236,0.998204,0.999997
in_the_wild,fake/fake_096.wav,1,fake,Orson Welles,,7341.wav,native,0.739668,0.913266,0.970617,0.999945
in_the_wild,fake/fake_097.wav,1,fake,Alec Guinness,,9705.wav,native,0.734405,0.903626,0.961955,0.989834
in_the_wild,fake/fake_098.wav,1,fake,Barack Obama,,4286.wav,native,0.622542,0.944938,0.926915,0.998657
in_the_wild,fake/fake_099.wav,1,fake,Alec Guinness,,31032.wav,native,0.720647,0.81888,0.901596,0.762329
codecfake,real/real_000.wav,0,real,genuine,,genuine+p286_158.wav,native,0.218932,0.879414,0.967474,0.99994
codecfake,real/real_001.wav,0,real,genuine,,genuine+p244_083.wav,native,0.325719,0.974943,0.999615,0.999964
codecfake,real/real_002.wav,0,real,genuine,,genuine+p339_210.wav,native,0.201445,0.961824,0.998873,0.999962
codecfake,real/real_003.wav,0,real,genuine,,genuine+p361_181.wav,native,0.278763,0.965593,0.99862,0.999934
codecfake,real/real_004.wav,0,real,genuine,,genuine+p323_259.wav,native,0.137504,0.908959,0.991309,0.999694
codecfake,real/real_005.wav,0,real,genuine,,genuine+p244_001.wav,native,0.731704,0.989002,0.999587,0.999462
codecfake,real/real_006.wav,0,real,genuine,,genuine+p259_382.wav,native,0.315146,0.97167,0.998948,0.999936
codecfake,real/real_007.wav,0,real,genuine,,genuine+p280_266.wav,native,0.373355,0.952909,0.980552,0.999979
codecfake,real/real_008.wav,0,real,genuine,,genuine+p233_182.wav,native,0.184826,0.944016,0.999777,0.999963
codecfake,real/real_009.wav,0,real,genuine,,genuine+p265_176.wav,native,0.083399,0.871716,0.999635,0.999996
codecfake,real/real_010.wav,0,real,genuine,,genuine+p238_380.wav,native,0.174323,0.866077,0.76844,0.984463
codecfake,real/real_011.wav,0,real,genuine,,genuine+p313_299.wav,native,0.184851,0.942931,0.998655,0.999789
codecfake,real/real_012.wav,0,real,genuine,,genuine+p281_040.wav,native,0.276146,0.970351,0.99958,0.999997
codecfake,real/real_013.wav,0,real,genuine,,genuine+p247_272.wav,native,0.280652,0.955124,0.998762,0.999888
codecfake,real/real_014.wav,0,real,genuine,,genuine+p302_100.wav,native,0.236765,0.94272,0.992817,0.999813
codecfake,real/real_015.wav,0,real,genuine,,genuine+p239_384.wav,native,0.463505,0.965867,0.987696,0.999961
codecfake,real/real_016.wav,0,real,genuine,,genuine+p308_141.wav,native,0.357889,0.964447,0.997928,0.999992
codecfake,real/real_017.wav,0,real,genuine,,genuine+p248_167.wav,native,0.353862,0.967552,0.995338,0.999915
codecfake,real/real_018.wav,0,real,genuine,,genuine+p336_308.wav,native,0.314005,0.969086,0.999371,0.999999
codecfake,real/real_019.wav,0,real,genuine,,genuine+p255_123.wav,native,0.202033,0.968925,0.999708,0.999973
codecfake,real/real_020.wav,0,real,genuine,,genuine+p301_217.wav,native,0.261786,0.964919,0.997584,0.999983
codecfake,real/real_021.wav,0,real,genuine,,genuine+p231_239.wav,native,0.296332,0.970996,0.993466,0.999922
codecfake,real/real_022.wav,0,real,genuine,,genuine+p286_233.wav,native,0.213724,0.952258,0.993145,0.999977
codecfake,real/real_023.wav,0,real,genuine,,genuine+p283_246.wav,native,0.286083,0.983211,0.99957,0.999985
codecfake,real/real_024.wav,0,real,genuine,,genuine+p283_018.wav,native,0.24724,0.785617,0.908575,0.999983
codecfake,real/real_025.wav,0,real,genuine,,genuine+p255_248.wav,native,0.083372,0.930347,0.999259,0.999991
codecfake,real/real_026.wav,0,real,genuine,,genuine+p336_041.wav,native,0.161437,0.912288,0.994447,0.999994
codecfake,real/real_027.wav,0,real,genuine,,genuine+p239_026.wav,native,0.29712,0.949659,0.994792,0.999985
codecfake,real/real_028.wav,0,real,genuine,,genuine+p303_327.wav,native,0.306175,0.94514,0.997339,0.999897
codecfake,real/real_029.wav,0,real,genuine,,genuine+p315_022.wav,native,0.201886,0.724307,0.918714,0.999467
codecfake,real/real_030.wav,0,real,genuine,,genuine+p302_152.wav,native,0.296951,0.967923,0.996298,0.99976
codecfake,real/real_031.wav,0,real,genuine,,genuine+p240_029.wav,native,0.250699,0.937038,0.934912,0.999694
codecfake,real/real_032.wav,0,real,genuine,,genuine+p247_382.wav,native,0.306859,0.981673,0.999874,0.999989
codecfake,real/real_033.wav,0,real,genuine,,genuine+p333_236.wav,native,0.204805,0.957789,0.999936,0.999909
codecfake,real/real_034.wav,0,real,genuine,,genuine+p340_332.wav,native,0.229223,0.922804,0.990945,0.999974
codecfake,real/real_035.wav,0,real,genuine,,genuine+p336_359.wav,native,0.318212,0.950927,0.997085,0.999944
codecfake,real/real_036.wav,0,real,genuine,,genuine+p363_318.wav,native,0.345563,0.937026,0.998318,0.999345
codecfake,real/real_037.wav,0,real,genuine,,genuine+p329_234.wav,native,0.201967,0.934663,0.99741,0.999942
codecfake,real/real_038.wav,0,real,genuine,,genuine+p264_054.wav,native,0.475491,0.972527,0.989937,0.999635
codecfake,real/real_039.wav,0,real,genuine,,genuine+p279_347.wav,native,0.346506,0.959928,0.996293,0.999799
codecfake,real/real_040.wav,0,real,genuine,,genuine+p351_201.wav,native,0.347424,0.974371,0.998902,0.999993
codecfake,real/real_041.wav,0,real,genuine,,genuine+p236_200.wav,native,0.444207,0.96502,0.994797,0.999992
codecfake,real/real_042.wav,0,real,genuine,,genuine+p351_089.wav,native,0.19728,0.868212,0.988351,0.999798
codecfake,real/real_043.wav,0,real,genuine,,genuine+p234_260.wav,native,0.335137,0.973989,0.999831,0.999969
codecfake,real/real_044.wav,0,real,genuine,,genuine+p267_008.wav,native,0.193416,0.633799,0.740615,0.999962
codecfake,real/real_045.wav,0,real,genuine,,genuine+p256_131.wav,native,0.241669,0.948285,0.988517,0.999925
codecfake,real/real_046.wav,0,real,genuine,,genuine+p254_069.wav,native,0.218081,0.9725,0.99999,0.999991
codecfake,real/real_047.wav,0,real,genuine,,genuine+p292_037.wav,native,0.204982,0.889165,0.988081,0.999987
codecfake,real/real_048.wav,0,real,genuine,,genuine+p316_218.wav,native,0.113993,0.887744,0.997922,0.999836
codecfake,real/real_049.wav,0,real,genuine,,genuine+p273_032.wav,native,0.276899,0.956935,0.999123,0.999954
codecfake,real/real_050.wav,0,real,genuine,,genuine+p341_390.wav,native,0.156107,0.953601,0.998972,0.999985
codecfake,real/real_051.wav,0,real,genuine,,genuine+p240_212.wav,native,0.250195,0.972447,0.999145,0.999991
codecfake,real/real_052.wav,0,real,genuine,,genuine+p269_232.wav,native,0.232998,0.973447,0.998399,0.999894
codecfake,real/real_053.wav,0,real,genuine,,genuine+p311_297.wav,native,0.212225,0.961695,0.998199,0.999971
codecfake,real/real_054.wav,0,real,genuine,,genuine+p258_319.wav,native,0.229179,0.961069,0.997368,0.999916
codecfake,real/real_055.wav,0,real,genuine,,genuine+p288_279.wav,native,0.224337,0.956724,0.994249,0.999957
codecfake,real/real_056.wav,0,real,genuine,,genuine+p343_298.wav,native,0.3128,0.968257,0.999706,0.999823
codecfake,real/real_057.wav,0,real,genuine,,genuine+p276_323.wav,native,0.265163,0.969464,0.997999,0.999974
codecfake,real/real_058.wav,0,real,genuine,,genuine+p313_394.wav,native,0.290308,0.952715,0.981677,0.999685
codecfake,real/real_059.wav,0,real,genuine,,genuine+p308_203.wav,native,0.198302,0.919822,0.99955,0.999996
codecfake,real/real_060.wav,0,real,genuine,,genuine+p334_116.wav,native,0.183418,0.911904,0.997253,0.999943
codecfake,real/real_061.wav,0,real,genuine,,genuine+p280_340.wav,native,0.417248,0.952446,0.999053,0.999959
codecfake,real/real_062.wav,0,real,genuine,,genuine+p318_264.wav,native,0.157578,0.934426,0.998365,0.999983
codecfake,real/real_063.wav,0,real,genuine,,genuine+p257_329.wav,native,0.340201,0.972135,0.997869,0.99996
codecfake,real/real_064.wav,0,real,genuine,,genuine+p316_347.wav,native,0.224448,0.95027,0.996223,0.999997
codecfake,real/real_065.wav,0,real,genuine,,genuine+p245_156.wav,native,0.18091,0.923626,0.998614,0.999971
codecfake,real/real_066.wav,0,real,genuine,,genuine+p313_098.wav,native,0.233517,0.954291,0.998649,0.999943
codecfake,real/real_067.wav,0,real,genuine,,genuine+p281_187.wav,native,0.223537,0.936966,0.998224,0.9999
codecfake,real/real_068.wav,0,real,genuine,,genuine+p300_080.wav,native,0.217868,0.903821,0.984636,0.999969
codecfake,real/real_069.wav,0,real,genuine,,genuine+p312_056.wav,native,0.239324,0.976155,0.998783,0.999995
codecfake,real/real_070.wav,0,real,genuine,,genuine+p333_163.wav,native,0.243016,0.896979,0.992026,0.999884
codecfake,real/real_071.wav,0,real,genuine,,genuine+p274_250.wav,native,0.32631,0.980966,0.999937,0.999987
codecfake,real/real_072.wav,0,real,genuine,,genuine+p312_089.wav,native,0.269581,0.950035,0.996985,0.999955
codecfake,real/real_073.wav,0,real,genuine,,genuine+p272_005.wav,native,0.318057,0.776409,0.849922,0.999818
codecfake,real/real_074.wav,0,real,genuine,,genuine+p330_313.wav,native,0.244648,0.966711,0.999852,0.999998
codecfake,real/real_075.wav,0,real,genuine,,genuine+p284_310.wav,native,0.279103,0.953308,0.999519,0.999497
codecfake,real/real_076.wav,0,real,genuine,,genuine+p280_020.wav,native,0.163283,0.923772,0.995862,0.999991
codecfake,real/real_077.wav,0,real,genuine,,genuine+p280_259.wav,native,0.310493,0.882031,0.979998,0.999985
codecfake,real/real_078.wav,0,real,genuine,,genuine+p241_291.wav,native,0.166084,0.897269,0.992697,0.999965
codecfake,real/real_079.wav,0,real,genuine,,genuine+p259_176.wav,native,0.338801,0.961024,0.99447,0.999968
codecfake,real/real_080.wav,0,real,genuine,,genuine+p304_351.wav,native,0.387606,0.969074,0.999583,0.999987
codecfake,real/real_081.wav,0,real,genuine,,genuine+p244_182.wav,native,0.505022,0.973337,0.998473,0.999967
codecfake,real/real_082.wav,0,real,genuine,,genuine+p274_078.wav,native,0.098565,0.908395,0.99977,0.999994
codecfake,real/real_083.wav,0,real,genuine,,genuine+p374_230.wav,native,0.186653,0.950263,0.990631,0.999073
codecfake,real/real_084.wav,0,real,genuine,,genuine+p293_037.wav,native,0.307193,0.973901,0.998602,0.999995
codecfake,real/real_085.wav,0,real,genuine,,genuine+p276_158.wav,native,0.339828,0.96115,0.964812,0.99988
codecfake,real/real_086.wav,0,real,genuine,,genuine+p316_243.wav,native,0.206332,0.925786,0.974256,0.999763
codecfake,real/real_087.wav,0,real,genuine,,genuine+p227_205.wav,native,0.445071,0.953688,0.997409,0.999966
codecfake,real/real_088.wav,0,real,genuine,,genuine+p277_180.wav,native,0.310142,0.977448,0.998721,0.999977
codecfake,real/real_089.wav,0,real,genuine,,genuine+p271_384.wav,native,0.360439,0.97221,0.999521,0.999925
codecfake,real/real_090.wav,0,real,genuine,,genuine+p268_269.wav,native,0.168005,0.977198,0.999869,0.999997
codecfake,real/real_091.wav,0,real,genuine,,genuine+p246_075.wav,native,0.26952,0.953917,0.994147,0.999989
codecfake,real/real_092.wav,0,real,genuine,,genuine+p334_167.wav,native,0.262349,0.889542,0.994053,0.999721
codecfake,real/real_093.wav,0,real,genuine,,genuine+p297_067.wav,native,0.103778,0.919691,0.999537,0.999985
codecfake,real/real_094.wav,0,real,genuine,,genuine+p288_021.wav,native,0.362385,0.572705,0.427066,0.007735
codecfake,real/real_095.wav,0,real,genuine,,genuine+p360_418.wav,native,0.341772,0.968981,0.997206,0.999956
codecfake,real/real_096.wav,0,real,genuine,,genuine+p361_042.wav,native,0.192071,0.908775,0.997463,0.999411
codecfake,real/real_097.wav,0,real,genuine,,genuine+p241_207.wav,native,0.143754,0.879634,0.977912,0.999991
codecfake,real/real_098.wav,0,real,genuine,,genuine+p245_321.wav,native,0.13318,0.930682,0.999768,1.0
codecfake,real/real_099.wav,0,real,genuine,,genuine+p336_138.wav,native,0.159132,0.941053,0.999715,0.999737
codecfake,fake/fake_000.wav,1,fake,funcodec-funcodec_zh_en_general_16k_nq32ds640,,funcodec-funcodec_zh_en_general_16k_nq32ds640+p261_202.wav,native,0.26027,0.934032,0.995787,0.999951
codecfake,fake/fake_001.wav,1,fake,funcodec-funcodec_zh_en_general_16k_nq32ds640,,funcodec-funcodec_zh_en_general_16k_nq32ds640+p230_175.wav,native,0.237311,0.911875,0.990235,0.999645
codecfake,fake/fake_002.wav,1,fake,funcodec-funcodec_zh_en_general_16k_nq32ds640,,funcodec-funcodec_zh_en_general_16k_nq32ds640+p351_374.wav,native,0.578025,0.986663,0.998946,0.999819
codecfake,fake/fake_003.wav,1,fake,funcodec-funcodec_zh_en_general_16k_nq32ds640,,funcodec-funcodec_zh_en_general_16k_nq32ds640+p254_269.wav,native,0.412472,0.967125,0.99388,0.999996
codecfake,fake/fake_004.wav,1,fake,funcodec-funcodec_zh_en_general_16k_nq32ds640,,funcodec-funcodec_zh_en_general_16k_nq32ds640+p330_261.wav,native,0.201043,0.936064,0.994916,0.999983
codecfake,fake/fake_005.wav,1,fake,funcodec-funcodec_zh_en_general_16k_nq32ds640,,funcodec-funcodec_zh_en_general_16k_nq32ds640+p234_283.wav,native,0.224207,0.905931,0.985605,0.999952
codecfake,fake/fake_006.wav,1,fake,funcodec-funcodec_zh_en_general_16k_nq32ds640,,funcodec-funcodec_zh_en_general_16k_nq32ds640+p360_252.wav,native,0.233879,0.961228,0.999001,0.999889
codecfake,fake/fake_007.wav,1,fake,academicodec_hifi_16k_320d_large_uni,,academicodec_hifi_16k_320d_large_uni+p276_065.wav,native,0.375508,0.967498,0.997517,0.99998
codecfake,fake/fake_008.wav,1,fake,academicodec_hifi_16k_320d_large_uni,,academicodec_hifi_16k_320d_large_uni+p230_243.wav,native,0.299328,0.923745,0.99501,0.999987
codecfake,fake/fake_009.wav,1,fake,academicodec_hifi_16k_320d_large_uni,,academicodec_hifi_16k_320d_large_uni+p260_058.wav,native,0.458245,0.98117,0.992911,0.99976
codecfake,fake/fake_010.wav,1,fake,academicodec_hifi_16k_320d_large_uni,,academicodec_hifi_16k_320d_large_uni+p360_077.wav,native,0.349653,0.982416,0.999746,0.99998
codecfake,fake/fake_011.wav,1,fake,academicodec_hifi_16k_320d_large_uni,,academicodec_hifi_16k_320d_large_uni+p270_407.wav,native,0.329552,0.931955,0.975581,0.999983
codecfake,fake/fake_012.wav,1,fake,academicodec_hifi_16k_320d_large_uni,,academicodec_hifi_16k_320d_large_uni+p233_257.wav,native,0.263855,0.950723,0.99403,0.999621
codecfake,fake/fake_013.wav,1,fake,academicodec_hifi_16k_320d_large_uni,,academicodec_hifi_16k_320d_large_uni+p340_417.wav,native,0.596422,0.988611,0.99951,0.999919
codecfake,fake/fake_014.wav,1,fake,academicodec_hifi_16k_320d,,academicodec_hifi_16k_320d+p307_014.wav,native,0.208357,0.813081,0.976812,0.999675
codecfake,fake/fake_015.wav,1,fake,academicodec_hifi_16k_320d,,academicodec_hifi_16k_320d+p254_372.wav,native,0.313515,0.94259,0.9967,0.999993
codecfake,fake/fake_016.wav,1,fake,academicodec_hifi_16k_320d,,academicodec_hifi_16k_320d+p329_291.wav,native,0.288898,0.916851,0.988812,0.999991
codecfake,fake/fake_017.wav,1,fake,academicodec_hifi_16k_320d,,academicodec_hifi_16k_320d+p255_124.wav,native,0.363158,0.93369,0.995382,0.999991
codecfake,fake/fake_018.wav,1,fake,academicodec_hifi_16k_320d,,academicodec_hifi_16k_320d+p293_147.wav,native,0.269029,0.956207,0.99741,0.999903
codecfake,fake/fake_019.wav,1,fake,academicodec_hifi_16k_320d,,academicodec_hifi_16k_320d+p297_416.wav,native,0.359331,0.950813,0.989577,0.999984
codecfake,fake/fake_020.wav,1,fake,academicodec_hifi_16k_320d,,academicodec_hifi_16k_320d+p285_106.wav,native,0.173022,0.928757,0.995818,0.999977
codecfake,fake/fake_021.wav,1,fake,audiodec_24k_320d,,audiodec_24k_320d+p227_352.wav,native,0.331905,0.97013,0.990193,0.999785
codecfake,fake/fake_022.wav,1,fake,audiodec_24k_320d,,audiodec_24k_320d+p285_186.wav,native,0.537415,0.983506,0.992772,0.99997
codecfake,fake/fake_023.wav,1,fake,audiodec_24k_320d,,audiodec_24k_320d+p266_294.wav,native,0.402823,0.983999,0.999655,0.999991
codecfake,fake/fake_024.wav,1,fake,audiodec_24k_320d,,audiodec_24k_320d+p345_255.wav,native,0.379619,0.965809,0.99514,0.999989
codecfake,fake/fake_025.wav,1,fake,audiodec_24k_320d,,audiodec_24k_320d+p227_337.wav,native,0.562266,0.982758,0.999444,0.999929
codecfake,fake/fake_026.wav,1,fake,audiodec_24k_320d,,audiodec_24k_320d+p305_422.wav,native,0.354611,0.958129,0.997419,0.999977
codecfake,fake/fake_027.wav,1,fake,audiodec_24k_320d,,audiodec_24k_320d+p333_315.wav,native,0.174328,0.956962,0.999296,0.999992
codecfake,fake/fake_028.wav,1,fake,funcodec-funcodec_en_libritts-16k-nq32ds640,,funcodec-funcodec_en_libritts-16k-nq32ds640+p329_371.wav,native,0.434954,0.971966,0.999569,0.999847
codecfake,fake/fake_029.wav,1,fake,funcodec-funcodec_en_libritts-16k-nq32ds640,,funcodec-funcodec_en_libritts-16k-nq32ds640+p239_046.wav,native,0.517732,0.974084,0.997509,0.99993
codecfake,fake/fake_030.wav,1,fake,funcodec-funcodec_en_libritts-16k-nq32ds640,,funcodec-funcodec_en_libritts-16k-nq32ds640+p317_370.wav,native,0.428243,0.977347,0.999207,0.999989
codecfake,fake/fake_031.wav,1,fake,funcodec-funcodec_en_libritts-16k-nq32ds640,,funcodec-funcodec_en_libritts-16k-nq32ds640+p334_331.wav,native,0.234928,0.955157,0.998506,0.999988
codecfake,fake/fake_032.wav,1,fake,funcodec-funcodec_en_libritts-16k-nq32ds640,,funcodec-funcodec_en_libritts-16k-nq32ds640+p286_035.wav,native,0.200478,0.94715,0.999672,0.999993
codecfake,fake/fake_033.wav,1,fake,funcodec-funcodec_en_libritts-16k-nq32ds640,,funcodec-funcodec_en_libritts-16k-nq32ds640+p345_127.wav,native,0.320062,0.943453,0.993988,0.99998
codecfake,fake/fake_034.wav,1,fake,funcodec-funcodec_en_libritts-16k-nq32ds640,,funcodec-funcodec_en_libritts-16k-nq32ds640+p347_201.wav,native,0.334628,0.959234,0.996536,0.999955
codecfake,fake/fake_035.wav,1,fake,funcodec-funcodec_zh_en_general_16k_nq32ds320,,funcodec-funcodec_zh_en_general_16k_nq32ds320+p341_297.wav,native,0.222937,0.961779,0.990092,0.999944
codecfake,fake/fake_036.wav,1,fake,funcodec-funcodec_zh_en_general_16k_nq32ds320,,funcodec-funcodec_zh_en_general_16k_nq32ds320+p272_109.wav,native,0.206436,0.930786,0.996391,0.999999
codecfake,fake/fake_037.wav,1,fake,funcodec-funcodec_zh_en_general_16k_nq32ds320,,funcodec-funcodec_zh_en_general_16k_nq32ds320+p307_331.wav,native,0.087493,0.837762,0.994916,0.999964
codecfake,fake/fake_038.wav,1,fake,funcodec-funcodec_zh_en_general_16k_nq32ds320,,funcodec-funcodec_zh_en_general_16k_nq32ds320+p302_102.wav,native,0.342577,0.969865,0.999522,0.999823
codecfake,fake/fake_039.wav,1,fake,funcodec-funcodec_zh_en_general_16k_nq32ds320,,funcodec-funcodec_zh_en_general_16k_nq32ds320+p283_302.wav,native,0.277349,0.950991,0.991225,0.999947
codecfake,fake/fake_040.wav,1,fake,funcodec-funcodec_zh_en_general_16k_nq32ds320,,funcodec-funcodec_zh_en_general_16k_nq32ds320+p238_410.wav,native,0.121164,0.964047,0.999611,0.999979
codecfake,fake/fake_041.wav,1,fake,funcodec-funcodec_zh_en_general_16k_nq32ds320,,funcodec-funcodec_zh_en_general_16k_nq32ds320+p282_152.wav,native,0.455878,0.955685,0.995772,0.999994
codecfake,fake/fake_042.wav,1,fake,descript-audio-codec-24khz,,descript-audio-codec-24khz+p306_108.wav,native,0.131896,0.925247,0.997904,0.999994
codecfake,fake/fake_043.wav,1,fake,descript-audio-codec-24khz,,descript-audio-codec-24khz+p234_269.wav,native,0.311071,0.958385,0.999812,0.999986
codecfake,fake/fake_044.wav,1,fake,descript-audio-codec-24khz,,descript-audio-codec-24khz+p276_064.wav,native,0.148053,0.82803,0.981657,0.999111
codecfake,fake/fake_045.wav,1,fake,descript-audio-codec-24khz,,descript-audio-codec-24khz+p351_253.wav,native,0.6278,0.994083,0.999475,0.999867
codecfake,fake/fake_046.wav,1,fake,descript-audio-codec-24khz,,descript-audio-codec-24khz+p279_355.wav,native,0.152811,0.779941,0.997909,0.996441
codecfake,fake/fake_047.wav,1,fake,descript-audio-codec-24khz,,descript-audio-codec-24khz+p256_025.wav,native,0.151992,0.846254,0.993215,0.999902
codecfake,fake/fake_048.wav,1,fake,descript-audio-codec-24khz,,descript-audio-codec-24khz+p297_062.wav,native,0.163816,0.915374,0.995381,0.999998
codecfake,fake/fake_049.wav,1,fake,encodec_24khz,,encodec_24khz+p292_303.wav,native,0.375462,0.959545,0.989974,0.999554
codecfake,fake/fake_050.wav,1,fake,encodec_24khz,,encodec_24khz+p266_229.wav,native,0.541724,0.974327,0.982714,0.999212
codecfake,fake/fake_051.wav,1,fake,encodec_24khz,,encodec_24khz+p341_403.wav,native,0.418427,0.965997,0.997945,0.999994
codecfake,fake/fake_052.wav,1,fake,encodec_24khz,,encodec_24khz+p314_194.wav,native,0.67429,0.988028,0.99958,0.999981
codecfake,fake/fake_053.wav,1,fake,encodec_24khz,,encodec_24khz+p253_103.wav,native,0.649891,0.990753,0.999048,0.999964
codecfake,fake/fake_054.wav,1,fake,encodec_24khz,,encodec_24khz+p301_249.wav,native,0.131731,0.915532,0.996923,0.999994
codecfake,fake/fake_055.wav,1,fake,encodec_24khz,,encodec_24khz+p317_099.wav,native,0.608525,0.977509,0.998658,0.999954
codecfake,fake/fake_056.wav,1,fake,academicodec_hifi_24k_320d,,academicodec_hifi_24k_320d+p263_114.wav,native,0.384432,0.958331,0.995865,0.999992
codecfake,fake/fake_057.wav,1,fake,academicodec_hifi_24k_320d,,academicodec_hifi_24k_320d+p283_422.wav,native,0.278163,0.944068,0.99713,0.999917
codecfake,fake/fake_058.wav,1,fake,academicodec_hifi_24k_320d,,academicodec_hifi_24k_320d+p236_314.wav,native,0.637371,0.969538,0.99502,0.999973
codecfake,fake/fake_059.wav,1,fake,academicodec_hifi_24k_320d,,academicodec_hifi_24k_320d+p232_340.wav,native,0.266252,0.931622,0.999818,0.99981
codecfake,fake/fake_060.wav,1,fake,academicodec_hifi_24k_320d,,academicodec_hifi_24k_320d+p263_283.wav,native,0.157279,0.899256,0.998988,0.999956
codecfake,fake/fake_061.wav,1,fake,academicodec_hifi_24k_320d,,academicodec_hifi_24k_320d+p339_412.wav,native,0.182381,0.939688,0.992586,0.999726
codecfake,fake/fake_062.wav,1,fake,academicodec_hifi_24k_320d,,academicodec_hifi_24k_320d+p246_248.wav,native,0.376915,0.972029,0.999547,0.999959
codecfake,fake/fake_063.wav,1,fake,funcodec-funcodec_en_libritts-16k-nq32ds320,,funcodec-funcodec_en_libritts-16k-nq32ds320+p333_042.wav,native,0.229852,0.951847,0.990964,0.999902
codecfake,fake/fake_064.wav,1,fake,funcodec-funcodec_en_libritts-16k-nq32ds320,,funcodec-funcodec_en_libritts-16k-nq32ds320+p339_308.wav,native,0.306193,0.968849,0.998608,0.999996
codecfake,fake/fake_065.wav,1,fake,funcodec-funcodec_en_libritts-16k-nq32ds320,,funcodec-funcodec_en_libritts-16k-nq32ds320+p244_339.wav,native,0.301936,0.963125,0.997352,0.999916
codecfake,fake/fake_066.wav,1,fake,funcodec-funcodec_en_libritts-16k-nq32ds320,,funcodec-funcodec_en_libritts-16k-nq32ds320+p260_106.wav,native,0.353252,0.971369,0.998702,0.999975
codecfake,fake/fake_067.wav,1,fake,funcodec-funcodec_en_libritts-16k-nq32ds320,,funcodec-funcodec_en_libritts-16k-nq32ds320+p312_373.wav,native,0.160231,0.936386,0.996523,0.999911
codecfake,fake/fake_068.wav,1,fake,funcodec-funcodec_en_libritts-16k-nq32ds320,,funcodec-funcodec_en_libritts-16k-nq32ds320+p334_388.wav,native,0.267509,0.931802,0.993542,0.999162
codecfake,fake/fake_069.wav,1,fake,funcodec-funcodec_en_libritts-16k-nq32ds320,,funcodec-funcodec_en_libritts-16k-nq32ds320+p280_204.wav,native,0.347812,0.955388,0.996928,0.99999
codecfake,fake/fake_070.wav,1,fake,funcodec-funcodec_en_libritts-16k-gr1nq32ds320,,funcodec-funcodec_en_libritts-16k-gr1nq32ds320+p281_073.wav,native,0.47398,0.973571,0.999894,0.999923
codecfake,fake/fake_071.wav,1,fake,funcodec-funcodec_en_libritts-16k-gr1nq32ds320,,funcodec-funcodec_en_libritts-16k-gr1nq32ds320+p361_384.wav,native,0.225389,0.966738,0.998314,0.999993
codecfake,fake/fake_072.wav,1,fake,funcodec-funcodec_en_libritts-16k-gr1nq32ds320,,funcodec-funcodec_en_libritts-16k-gr1nq32ds320+p284_230.wav,native,0.390371,0.946772,0.993011,0.999996
codecfake,fake/fake_073.wav,1,fake,funcodec-funcodec_en_libritts-16k-gr1nq32ds320,,funcodec-funcodec_en_libritts-16k-gr1nq32ds320+p240_128.wav,native,0.209516,0.948073,0.998876,0.999992
codecfake,fake/fake_074.wav,1,fake,funcodec-funcodec_en_libritts-16k-gr1nq32ds320,,funcodec-funcodec_en_libritts-16k-gr1nq32ds320+p272_341.wav,native,0.572184,0.95066,0.974404,0.999968
codecfake,fake/fake_075.wav,1,fake,funcodec-funcodec_en_libritts-16k-gr1nq32ds320,,funcodec-funcodec_en_libritts-16k-gr1nq32ds320+p307_370.wav,native,0.108608,0.867069,0.996157,0.999956
codecfake,fake/fake_076.wav,1,fake,funcodec-funcodec_en_libritts-16k-gr1nq32ds320,,funcodec-funcodec_en_libritts-16k-gr1nq32ds320+p347_388.wav,native,0.308652,0.904079,0.994478,0.999969
codecfake,fake/fake_077.wav,1,fake,descript-audio-codec-16khz,,descript-audio-codec-16khz+p305_012.wav,native,0.258324,0.907361,0.953396,0.999998
codecfake,fake/fake_078.wav,1,fake,descript-audio-codec-16khz,,descript-audio-codec-16khz+p284_381.wav,native,0.20088,0.850162,0.998346,0.999671
codecfake,fake/fake_079.wav,1,fake,descript-audio-codec-16khz,,descript-audio-codec-16khz+p253_377.wav,native,0.343295,0.941383,0.99554,0.999927
codecfake,fake/fake_080.wav,1,fake,descript-audio-codec-16khz,,descript-audio-codec-16khz+p252_375.wav,native,0.578036,0.990395,0.998602,0.999399
codecfake,fake/fake_081.wav,1,fake,descript-audio-codec-16khz,,descript-audio-codec-16khz+p294_110.wav,native,0.18812,0.954645,0.990218,0.999839
codecfake,fake/fake_082.wav,1,fake,descript-audio-codec-16khz,,descript-audio-codec-16khz+p310_077.wav,native,0.179208,0.928071,0.995409,0.999986
codecfake,fake/fake_083.wav,1,fake,descript-audio-codec-16khz,,descript-audio-codec-16khz+p233_281.wav,native,0.303954,0.915878,0.990852,0.999927
codecfake,fake/fake_084.wav,1,fake,funcodec-funcodec_en_libritts-16k-gr8nq32ds320,,funcodec-funcodec_en_libritts-16k-gr8nq32ds320+p335_173.wav,native,0.415388,0.95783,0.9536,0.999933
codecfake,fake/fake_085.wav,1,fake,funcodec-funcodec_en_libritts-16k-gr8nq32ds320,,funcodec-funcodec_en_libritts-16k-gr8nq32ds320+p257_009.wav,native,0.27957,0.93044,0.990589,0.999997
codecfake,fake/fake_086.wav,1,fake,funcodec-funcodec_en_libritts-16k-gr8nq32ds320,,funcodec-funcodec_en_libritts-16k-gr8nq32ds320+p243_317.wav,native,0.343808,0.972765,0.997379,0.999823
codecfake,fake/fake_087.wav,1,fake,funcodec-funcodec_en_libritts-16k-gr8nq32ds320,,funcodec-funcodec_en_libritts-16k-gr8nq32ds320+p225_054.wav,native,0.325564,0.970966,0.995945,0.99997
codecfake,fake/fake_088.wav,1,fake,funcodec-funcodec_en_libritts-16k-gr8nq32ds320,,funcodec-funcodec_en_libritts-16k-gr8nq32ds320+p257_073.wav,native,0.267769,0.935301,0.989041,0.999968
codecfake,fake/fake_089.wav,1,fake,funcodec-funcodec_en_libritts-16k-gr8nq32ds320,,funcodec-funcodec_en_libritts-16k-gr8nq32ds320+p287_180.wav,native,0.250935,0.972534,0.998773,0.999992
codecfake,fake/fake_090.wav,1,fake,funcodec-funcodec_en_libritts-16k-gr8nq32ds320,,funcodec-funcodec_en_libritts-16k-gr8nq32ds320+p274_165.wav,native,0.444811,0.970089,0.995055,0.999971
codecfake,fake/fake_091.wav,1,fake,descript-audio-codec-44khz,,descript-audio-codec-44khz+p244_179.wav,native,0.390958,0.959494,0.992898,0.99997
codecfake,fake/fake_092.wav,1,fake,descript-audio-codec-44khz,,descript-audio-codec-44khz+p363_266.wav,native,0.172516,0.952738,0.998654,0.999991
codecfake,fake/fake_093.wav,1,fake,descript-audio-codec-44khz,,descript-audio-codec-44khz+p232_185.wav,native,0.355523,0.972007,0.997722,0.999979
codecfake,fake/fake_094.wav,1,fake,descript-audio-codec-44khz,,descript-audio-codec-44khz+p314_280.wav,native,0.324993,0.960501,0.999418,0.999918
codecfake,fake/fake_095.wav,1,fake,descript-audio-codec-44khz,,descript-audio-codec-44khz+p302_097.wav,native,0.471927,0.977999,0.998069,0.99989
codecfake,fake/fake_096.wav,1,fake,descript-audio-codec-44khz,,descript-audio-codec-44khz+p317_382.wav,native,0.33691,0.976674,0.999886,0.999996
codecfake,fake/fake_097.wav,1,fake,descript-audio-codec-44khz,,descript-audio-codec-44khz+p255_217.wav,native,0.113268,0.914576,0.992804,0.999332
codecfake,fake/fake_098.wav,1,fake,SpeechTokenizer,,SpeechTokenizer+p363_014.wav,native,0.31975,0.88292,0.96807,0.999981
codecfake,fake/fake_099.wav,1,fake,SpeechTokenizer,,SpeechTokenizer+p270_039.wav,native,0.512559,0.966258,0.991707,0.999997
